/* Generated from serbian.sbl by Snowball 3.1.1 - https://snowballstem.org/ */

#include "stem_UTF_8_serbian.h"

#include <stddef.h>

#include "../runtime/snowball_runtime.h"

#ifdef SNOWBALL_BIGENDIAN
#define S(W) ((0x##W & 0xff) << 8 | 0x##W >> 8)
#else
#define S(W) (0x##W)
#endif

#ifdef __cplusplus
extern "C" {
#endif
extern int serbian_UTF_8_stem(struct SN_env * z);
#ifdef __cplusplus
}
#endif

#define s_14 (s_0 + 1)
#define s_35 (s_1 + 1)
#define s_23 (s_16 + 2)
#define s_39 (s_18 + 1)
#define s_99 (s_21 + 1)
#define s_135 (s_30 + 1)
#define s_40 (s_37 + 2)
#define s_100 (s_38 + 1)
#define s_82 (s_65 + 1)
#define s_98 (s_67 + 1)
#define s_121 (s_102 + 2)
#define s_155 (s_132 + 1)
#define s_160 (s_159 + 1)
#define s_177 (s_174 + 1)
#define s_18 (s_31 + 1)
#define s_101 (s_146 + 1)
#define s_96 (s_138 + 1)
#define s_48 (s_53 + 1)
#define s_147 (s_37 + 3)
#define s_25 (s_167 + 1)
#define s_9 (s_22 + 1)
#define s_36 (s_187 + 1)
#define s_186 (s_81 + 1)
#define s_127 (s_113 + 1)
#define s_185 (s_151 + 1)
#define s_7 (s_4 + 1)
#define s_182 (s_28 + 2)
#define s_184 (s_34 + 2)
#define s_181 (s_59 + 2)
#define s_97 (s_180 + 1)
#define s_20 (s_108 + 1)
#define s_32 (s_116 + 1)
#define s_118 (s_10 + 2)
#define s_119 (s_95 + 2)
#define s_125 (s_112 + 2)
#define s_126 (s_11 + 2)
#define s_51 (s_129 + 1)
#define s_130 (s_114 + 1)
#define s_144 (s_164 + 1)
#define s_26 (s_145 + 1)
#define s_58 (s_148 + 1)
#define s_161 (s_154 + 1)
#define s_171 (s_158 + 2)
#define s_173 (s_22 + 2)
#define s_24 (s_83 + 1)
#define s_117 (s_13 + 3)
#define s_134 (s_79 + 3)
#define s_70 (s_152 + 2)
#define s_151 (s_111 + 2)
#define s_157 (s_139 + 2)
#define s_141 (s_66 + 2)
#define s_183 (s_73 + 3)
#define s_158 (s_172 + 2)
#define s_34 (s_5 + 2)
#define s_50 (s_6 + 2)
#define s_54 (s_150 + 1)
#define s_62 (s_143 + 2)
#define s_47 (s_80 + 2)
#define s_162 (s_81 + 2)
#define s_102 (s_64 + 2)
#define s_103 (s_77 + 2)
#define s_90 (s_114 + 3)
#define s_49 (s_178 + 2)
#define s_138 (s_93 + 2)
#define s_19 (s_146 + 3)
#define s_56 (s_22 + 4)
#define s_68 (s_37 + 5)
#define s_105 (s_78 + 4)
#define s_29 (s_27 + 1)
#define s_89 (s_136 + 1)
#define s_84 (s_107 + 1)
#define s_187 (s_176 + 1)
#define s_179 (s_165 + 2)
#define s_166 (s_52 + 3)
#define s_140 (s_115 + 1)
#define s_122 (s_133 + 2)
#define s_174 (s_131 + 3)
#define s_87 (s_132 + 3)
#define s_86 (s_88 + 2)
#define s_17 (s_168 + 1)
#define s_153 (s_63 + 3)
#define s_159 (s_137 + 1)
#define s_10 (s_175 + 2)
#define s_11 (s_8 + 2)
#define s_180 (s_120 + 2)
#define s_123 (s_176 + 4)
#define s_60 (s_149 + 2)
#define s_0 (s_163 + 2)
#define s_41 (s_27 + 3)
#define s_108 (s_12 + 3)
#define s_45 (s_15 + 3)
#define s_164 (s_33 + 3)
#define s_65 (s_107 + 3)
#define s_94 (s_3 + 4)
#define s_169 (s_129 + 4)
#define s_112 (s_52 + 4)
#define s_57 (s_28 + 4)
#define s_66 (s_136 + 3)
#define s_75 (s_154 + 4)
#define s_42 (s_31 + 4)
#define s_63 (s_59 + 4)
#define s_64 (s_67 + 3)
#define s_79 (s_30 + 4)
#define s_167 (s_92 + 3)
#define s_88 (s_111 + 5)
#define s_175 (s_73 + 5)
#define s_146 (s_44 + 4)
#define s_78 (s_131 + 5)
#define s_13 (s_30 + 9)
#define s_150 (s_44 + 12)
static const symbol s_109[] = { 'e', 0xC4, 0x87 };
static const symbol s_1[] = { 'b', 'o', 'j', 'k', 'a' };
static const symbol s_2[] = { 'v', 'o', 'j', 'k', 'a' };
static const symbol s_3[] = { 'g', 'i', 'l', 'n', 'i', 'z', 'm', 'a' };
static const symbol s_4[] = { 'd', 0xC5, 0xBE, 'i', 'j' };
static const symbol s_5[] = { 0xC4, 0x91, 'a', 'j', 'k', 'a', 's' };
static const symbol s_6[] = { 'e', 'r', 'n', 'i', 'l', 'n', 'i' };
static const symbol s_128[] = { 'z', 'i', 'j' };
static const symbol s_8[] = { 'z', 'i', 'k', 'u', 's', 'i', 'j' };
static const symbol s_172[] = { 'l', 'u', 0xC4, 0x8D, 'i', 'n', 'j' };
static const symbol s_114[] = { 'l', 'i', 'j', 'a', 'l', 'c', 'a' };
static const symbol s_113[] = { 'o', 't', 'i', 'j' };
static const symbol s_12[] = { 'l', 'j', 'c', 'a', 0xC4, 0x87, 'a', 'j' };
static const symbol s_85[] = { 'v', 'o', 'l', 'j', 'n', 'i' };
static const symbol s_15[] = { 'o', 'j', 'c', 'a', 'n', 't', 'n', 'i' };
static const symbol s_16[] = { 'p', 'e', 'h' };
static const symbol s_116[] = { 'l', 'a', 'j', 'c', 'a' };
static const symbol s_165[] = { 'u', 'v', 'a', 'c', 'a' };
static const symbol s_133[] = { 'l', 'e', 'm', 'i', 'j' };
static const symbol s_170[] = { 'o', 's', 't', 'a', 'j' };
static const symbol s_21[] = { 'u', 0xC5, 0xA1, 'k', 'a' };
static const symbol s_22[] = {
    'f', 'i', 'j', 'e', 't', 'i', 'v', 'n',
    'i'
};
static const symbol s_154[] = {
    'm', 'o', 'v', 'i', 't', 'i', 'c', 'n',
    'i'
};
static const symbol s_120[] = { 'd', 'i', 'j', 'a', 's', 'n', 'i' };
static const symbol s_137[] = { 'o', 'r', 'o', 0xC5, 0xA1, 'i' };
static const symbol s_27[] = { 'd', 'j', 'a', 'k', 'u', 's', 'n', 'i' };
static const symbol s_28[] = {
    'l', 'o', 'g', 'a', 's', 'i', 'v', 'n',
    'i'
};
static const symbol s_129[] = {
    'n', 'a', 'l', 'n', 'i', 's', 't', 'a',
    'j'
};
static const symbol s_30[] = {
    'l', 'a', 'r', 'n', 'i', 's', 't', 'r',
    'a', 'm', 'e', 't', 'r', 'a', 'j'
};
static const symbol s_31[] = {
    'e', 's', 'n', 'i', 'k', 'u', 's', 't',
    'v', 'a'
};
static const symbol s_139[] = { 'n', 'a', 0xC5, 0xA1, 'n', 'j' };
static const symbol s_33[] = { 'e', 'j', 'c', 'a', 'v', 'a', 0xC5, 0xA1 };
static const symbol s_145[] = { 'e', 0xC5, 0xA1, 'c', 'a' };
static const symbol s_124[] = { 'p', 'i', 'j' };
static const symbol s_37[] = {
    't', 'e', 't', 'i', 'k', 'a', 't', 'k',
    'a'
};
static const symbol s_38[] = { 'n', 's', 't', 'v', 'a' };
static const symbol s_107[] = { 'o', 'n', 'c', 'a', 0xC4, 0x8D, 'k', 'a' };
static const symbol s_152[] = { 'e', 'v', 'i', 't', 'k', 'a' };
static const symbol s_43[] = { 'd', 'u', 0xC5, 0xA1, 'n', 'i' };
static const symbol s_44[] = {
    'd', 'u', 's', 'n', 'i', 0xC5, 0xA1, 't',
    'v', 'e', 'n', 'i', 'k', 's', 't', 'a',
    'v', 'n', 'i'
};
static const symbol s_106[] = { 'g', 'a', 'n', 'i', 'j' };
static const symbol s_46[] = { 'b', 'i', 'l', 'n', 'i' };
static const symbol s_148[] = { 'l', 'a', 't', 'n', 'i' };
static const symbol s_156[] = { 'e', 'n', 'j' };
static const symbol s_136[] = {
    'd', 'r', 'c', 'a', 'c', 'k', 'a', 0xC5,
    0xA1
};
static const symbol s_111[] = {
    'u', 'g', 'o', 'v', 'a', 's', 'c', 'a',
    'n', 'k', 'i'
};
static const symbol s_163[] = { 'e', 'v', 'a', 'n', 'j', 'c', 'a' };
static const symbol s_52[] = {
    'o', 'z', 'n', 'i', 'r', 'a', 'r', 'i',
    'j'
};
static const symbol s_53[] = { 'r', 'a', 'v', 'i', 'l', 'n', 'i' };
static const symbol s_143[] = { 'g', 'a', 0xC5, 0xA1, 'a', 'v', 'i' };
static const symbol s_55[] = { 'p', 'r', 'a', 'v', 'n', 'i' };
static const symbol s_132[] = { 'o', 'l', 'o', 'v', 'c', 'a' };
static const symbol s_149[] = { 'e', 's', 't', 'e', 't', 'n', 'i' };
static const symbol s_115[] = { 'u', 'j', 'a', 0xC5, 0xA1 };
static const symbol s_59[] = {
    'e', 'n', 't', 'a', 's', 'a', 'v', 'i',
    'v', 'a'
};
static const symbol s_110[] = { 'u', 0xC4, 0x87 };
static const symbol s_61[] = { 'p', 'l', 'e', 't', 'n', 'i' };
static const symbol s_142[] = { 'b', 'a', 0xC5, 0xA1 };
static const symbol s_93[] = { 'e', 'k', 't', 'a', 0xC5, 0xA1, 'n', 'i' };
static const symbol s_92[] = {
    'o', 'l', 'c', 'a', 0xC4, 0x8D, 'a', 'j',
    'n', 'i'
};
static const symbol s_104[] = { 'p', 'a', 'n', 'i', 'j' };
static const symbol s_176[] = { 'e', 'c', 'i', 'n', 'g', 'i', 'j' };
static const symbol s_67[] = {
    'u', 's', 'k', 'a', 'n', 't', 'a', 'n',
    'i', 'j'
};
static const symbol s_131[] = {
    'o', 'z', 'i', 'l', 'u', 'c', 'e', 'n',
    't', 'r', 'a', 'n', 'i', 'j'
};
static const symbol s_69[] = { 'e', 't', 'k', 'a' };
static const symbol s_178[] = { 'r', 'o', 's', 'i', 'l', 'n', 'i' };
static const symbol s_71[] = { 'o', 't', 'k', 'a' };
static const symbol s_72[] = { 'u', 't', 'k', 'a' };
static const symbol s_73[] = {
    'e', 's', 'k', 'n', 'a', 's', 'n', 'j',
    'e', 'b', 'i', 'j'
};
static const symbol s_74[] = { 't', 'i', 0xC4, 0x8D, 'n', 'i' };
static const symbol s_95[] = { 'b', 'a', 'c', 'i', 'j' };
static const symbol s_76[] = { 'o', 'j', 's', 'k', 'a' };
static const symbol s_77[] = { 'e', 's', 'm', 'a', 'n', 'i', 'j' };
static const symbol s_168[] = { 'u', 'r', 'i', 'l', 'n', 'i' };
static const symbol s_91[] = { 'e', 'l', 'c', 'a' };
static const symbol s_80[] = { 'o', 's', 't', 'i', 'l', 'n', 'i' };
static const symbol s_81[] = { 'd', 'b', 'a', 's', 't', 'a', 'j' };
static const symbol s_83[] = { 'm', 'c', 'a', 'j', 'n', 'i' };

static const unsigned short a_0[] = {
    0x0000 , 0xD0D1 , 0x0004 , 0x0016 , 0x0000 , 0xBFB0 , 0xFFFF , 0xFFFE ,
    0xFFFD , 0xFFFC , 0xFFFB , 0xFFF9 , 0xFFF8 , 0xFFF7 , 0xFFF6 , 0x0000 ,
    0xFFF4 , 0xFFF3 , 0xFFF1 , 0xFFF0 , 0xFFEE , 0xFFED , 0x0000 , 0x9F80 ,
    0xFFEC , 0xFFEB , 0xFFEA , 0xFFE8 , 0xFFE7 , 0xFFE6 , 0xFFE5 , 0xFFE4 ,
    0xFFE2 , 0x0000 , 0x0000 , 0x0000 , 0x0000 , 0x0000 , 0x0000 , 0x0000 ,
    0x0000 , 0x0000 , 0xFFFA , 0x0000 , 0x0000 , 0x0000 , 0x0000 , 0x0000 ,
    0xFFF5 , 0xFFF2 , 0xFFEF , 0xFFE9 , 0x0000 , 0x0000 , 0x0000 , 0xFFE3
};

static const unsigned short a_1[] = {
    0x0000 , 0x7561 , 0x0017 , 0x0000 , 0x01A7 , 0x0000 , 0x01F8 , 0x0000 ,
    0x0000 , 0x0000 , 0x0253 , 0x0000 , 0x02D6 , 0x0000 , 0x0321 , 0x0326 ,
    0x0000 , 0x0000 , 0x0000 , 0x03FF , 0x0000 , 0x0414 , 0x041E , 0x0000 ,
    0x7662 , 0x002E , 0x0032 , 0x0000 , 0x0000 , 0x0000 , 0x0000 , 0x0000 ,
    0x0000 , 0x0000 , 0x0098 , 0x0000 , 0x00ED , 0x0000 , 0x0000 , 0x0000 ,
    0x0000 , 0x016F , 0x0000 , 0x018E , 0x0000 , 0x019B , 0x0000 , 0x0002 ,
    0xFFB7 , S(6164), 0x0000 , 0x616F , 0x0036 , 0x0095 , 0x0000 , 0xA16A ,
    0x0070 , 0x0000 , 0x0081 , 0xFFB5 , 0xFFB4 , 0x0000 , 0x0000 , 0x0000 ,
    0xFFAF , 0xFFB0 , 0x0000 , 0x0000 , 0xFFB1 , 0x0000 , 0x0000 , 0x0000 ,
    0x0000 , 0x0000 , 0x0000 , 0x0000 , 0x0000 , 0x0000 , 0x0000 , 0x0000 ,
    0x0000 , 0x0000 , 0x0000 , 0x0000 , 0x0000 , 0x0000 , 0x0000 , 0x0000 ,
    0x0000 , 0x0000 , 0x0000 , 0x0000 , 0x0000 , 0x0000 , 0x0000 , 0x0000 ,
    0x0000 , 0x0000 , 0x0000 , 0x0000 , 0x0000 , 0x0000 , 0x0000 , 0x0000 ,
    0x0000 , 0x0000 , 0x0000 , 0x0000 , 0x0000 , 0x0000 , 0x0000 , 0x0092 ,
    0x0000 , 0x6F61 , 0xFFF4 , 0x0000 , 0x0000 , 0x0000 , 0xFFF2 , 0x0000 ,
    0x0000 , 0x0000 , 0x0000 , 0x0000 , 0x0000 , 0xFFF3 , 0x0000 , 0xFFAB ,
    0xFFF1 , 0x0000 , 0x6F61 , 0xFFAE , 0x0000 , 0x0000 , 0x0000 , 0xFFAD ,
    0x0000 , 0x0000 , 0x0000 , 0x0000 , 0x0000 , 0x0000 , 0x0000 , 0x0000 ,
    0x0000 , 0xFFAC , 0x0000 , 0xC5C5 , 0xFFEE , 0x0000 , 0x6161 , 0xFFAE ,
    0x0000 , 0x6161 , 0x009B , 0x0000 , 0x8D63 , 0x00C8 , 0x0000 , 0x0000 ,
    0x0000 , 0x0000 , 0x0000 , 0x0000 , 0x00CB , 0x0000 , 0x0000 , 0x0000 ,
    0x00CF , 0x0000 , 0x0000 , 0x0000 , 0x0000 , 0x0000 , 0x00D2 , 0x0000 ,
    0x0000 , 0x0000 , 0x0000 , 0x0000 , 0x0000 , 0x0000 , 0x0000 , 0x0000 ,
    0x0000 , 0x0000 , 0x0000 , 0x0000 , 0x0000 , 0x0000 , 0x0000 , 0x0000 ,
    0x0000 , 0x0000 , 0x0000 , 0x0000 , 0x0000 , 0x0000 , 0x0000 , 0x00E9 ,
    0x0000 , 0x6161 , 0xFFC9 , 0x0000 , 0x616F , 0xFFF0 , 0xFFEF , 0x0000 ,
    0x6161 , 0xFFB2 , 0x0000 , 0x7561 , 0xFFC6 , 0x0000 , 0x0000 , 0x0000 ,
    0xFFC5 , 0x0000 , 0x0000 , 0x0000 , 0xFFC4 , 0x0000 , 0x0000 , 0x0000 ,
    0x0000 , 0x0000 , 0xFFC3 , 0x0000 , 0x0000 , 0x0000 , 0x0000 , 0x0000 ,
    0xFFC2 , 0x0000 , 0x0002 , 0xFFCA , S(C461), 0x0000 , 0x6169 , 0x00F1 ,
    0x00FB , 0x0000 , 0x737A , 0x00F5 , 0x00F8 , 0x0000 , 0x6565 , 0xFFBD ,
    0x0000 , 0x6969 , 0xFFA9 , 0x0000 , 0x7A63 , 0x0115 , 0x0000 , 0x0000 ,
    0x0000 , 0x0000 , 0x0000 , 0x0000 , 0x0000 , 0x0000 , 0x0000 , 0x0000 ,
    0x0000 , 0x0000 , 0x0000 , 0x0000 , 0x0000 , 0x0161 , 0x0000 , 0x0000 ,
    0x0000 , 0x0000 , 0x0000 , 0x0000 , 0x0165 , 0x0000 , 0x8D61 , 0x0144 ,
    0x0000 , 0x0000 , 0x0000 , 0x0000 , 0x0000 , 0x0000 , 0x0000 , 0x0147 ,
    0x0000 , 0x0000 , 0x0000 , 0x0000 , 0x0000 , 0x0000 , 0x0000 , 0x0000 ,
    0x0000 , 0x0000 , 0x015A , 0x0000 , 0x0000 , 0x0000 , 0x0000 , 0x0000 ,
    0x0000 , 0x0000 , 0x0000 , 0x0000 , 0x0000 , 0x0000 , 0x0000 , 0x0000 ,
    0x0000 , 0x0000 , 0x0000 , 0x0000 , 0x0000 , 0x0000 , 0x0000 , 0x0000 ,
    0x0000 , 0x0000 , 0x0000 , 0x015E , 0x0000 , 0x6A6A , 0xFFFB , 0x0000 ,
    0x7A6E , 0xFFE9 , 0x0000 , 0x0000 , 0x0000 , 0x0000 , 0x0000 , 0x0156 ,
    0x0000 , 0x0000 , 0x0000 , 0x0000 , 0x0000 , 0xFFE7 , 0x0018 , 0x0002 ,
    0xFFEB , S(6574), 0x0000 , 0x6175 , 0xFFC6 , 0xFFC2 , 0x0000 , 0xC4C4 ,
    0xFFB6 , 0x0000 , 0x0002 , 0xFFFE , S(6570), 0x0000 , 0x6E6F , 0x0169 ,
    0x016C , 0x0000 , 0x6969 , 0xFFED , 0x0000 , 0x6C6C , 0xFFFF , 0x0000 ,
    0x0002 , 0x0173 , S(6174), 0x0000 , 0x7365 , 0x0184 , 0x0000 , 0x0000 ,
    0x0000 , 0x0000 , 0x0000 , 0x0000 , 0x0000 , 0x0000 , 0x0187 , 0x0000 ,
    0x0000 , 0x0000 , 0x0000 , 0x018B , 0x0000 , 0x6D6D , 0xFFBC , 0x0000 ,
    0x0002 , 0xFFBB , S(6563), 0x0000 , 0x6969 , 0xFFBA , 0x0000 , 0x6161 ,
    0x0191 , 0x0000 , 0x6B6E , 0x0195 , 0x0198 , 0x0000 , 0x6565 , 0xFFAA ,
    0x0000 , 0x6161 , 0xFFCB , 0x0000 , 0x0003 , 0x01A0 , S(7473), S(0061),
    0x0000 , 0x6E75 , 0xFFEA , 0x01A4 , 0x0000 , 0x6B6B , 0xFFE3 , 0x0000 ,
    0x6161 , 0x01AA , 0x0000 , 0xA16A , 0x01E4 , 0x0000 , 0x0081 , 0xFFB5 ,
    0xFFB4 , 0x0000 , 0x0000 , 0x0000 , 0xFFAF , 0xFFB0 , 0x0000 , 0x0000 ,
    0xFFB1 , 0x0000 , 0x0000 , 0x0000 , 0x0000 , 0x0000 , 0x0000 , 0x0000 ,
    0x0000 , 0x0000 , 0x0000 , 0x0000 , 0x0000 , 0x0000 , 0x0000 , 0x0000 ,
    0x0000 , 0x0000 , 0x0000 , 0x0000 , 0x0000 , 0x0000 , 0x0000 , 0x0000 ,
    0x0000 , 0x0000 , 0x0000 , 0x0000 , 0x0000 , 0x0000 , 0x0000 , 0x0000 ,
    0x0000 , 0x0000 , 0x0000 , 0x0000 , 0x0000 , 0x0000 , 0x0000 , 0x0000 ,
    0x0000 , 0x0000 , 0x0000 , 0x0092 , 0x0000 , 0x6F61 , 0xFFF4 , 0x0000 ,
    0x0000 , 0x0000 , 0xFFF2 , 0x0000 , 0x0000 , 0x0000 , 0x0000 , 0x0000 ,
    0x0000 , 0xFFF3 , 0x0000 , 0x01F5 , 0xFFF1 , 0x0055 , 0x6161 , 0xFFF5 ,
    0x0000 , 0x7662 , 0x020F , 0x0213 , 0x0000 , 0x0000 , 0x0000 , 0x0000 ,
    0x0000 , 0x0000 , 0x0000 , 0x0000 , 0x0000 , 0x0000 , 0x0000 , 0x0000 ,
    0x0000 , 0x0000 , 0x0000 , 0x0217 , 0x0000 , 0x0000 , 0x021B , 0x0000 ,
    0x0002 , 0xFFA8 , S(656A), 0x0000 , 0x0002 , 0xFFAC , S(6C6F), 0x0000 ,
    0x0002 , 0xFFE5 , S(756B), 0x0000 , 0x6161 , 0x021E , 0x0000 , 0xA172 ,
    0xFFD6 , 0xFFCC , 0x0000 , 0x0000 , 0x0000 , 0x0000 , 0x0000 , 0x0000 ,
    0x0000 , 0x0000 , 0x0000 , 0x0000 , 0x0000 , 0x0000 , 0x0000 , 0x0000 ,
    0x0000 , 0x0000 , 0x0000 , 0x0000 , 0x0000 , 0x0000 , 0x0000 , 0x0000 ,
    0x0000 , 0x0000 , 0x0000 , 0x0000 , 0x0000 , 0x0000 , 0x0000 , 0x0000 ,
    0x0000 , 0x0000 , 0x0000 , 0x0000 , 0x0000 , 0x0000 , 0x0000 , 0x0000 ,
    0x0000 , 0x0000 , 0x0000 , 0x0000 , 0x0000 , 0x0000 , 0x0000 , 0x0250 ,
    0x0000 , 0xC5C5 , 0xFFCD , 0x0000 , 0x7A63 , 0x026D , 0x0000 , 0x0000 ,
    0x0000 , 0x0000 , 0x0000 , 0x0000 , 0x0000 , 0x0000 , 0x0000 , 0x0000 ,
    0x0000 , 0x0000 , 0x0000 , 0x0000 , 0x0000 , 0x0161 , 0x0000 , 0x0000 ,
    0x0000 , 0x0000 , 0x0000 , 0x0000 , 0x02D2 , 0x0000 , 0x8D61 , 0x029C ,
    0x0000 , 0x0000 , 0x0000 , 0x0000 , 0x0000 , 0x0000 , 0x0000 , 0x02A0 ,
    0x02B0 , 0x0000 , 0x0000 , 0x0000 , 0x0000 , 0x0000 , 0x0000 , 0x0000 ,
    0x0000 , 0x02B7 , 0x02BB , 0x0000 , 0x0000 , 0x0000 , 0x0000 , 0x0000 ,
    0x0000 , 0x0000 , 0x0000 , 0x0000 , 0x0000 , 0x0000 , 0x0000 , 0x0000 ,
    0x0000 , 0x0000 , 0x0000 , 0x0000 , 0x0000 , 0x0000 , 0x0000 , 0x0000 ,
    0x0000 , 0x0000 , 0x0000 , 0x015E , 0x0000 , 0x626A , 0xFFA7 , 0xFFFB ,
    0x0000 , 0x6E74 , 0x02A4 , 0x02AC , 0x0000 , 0x6573 , 0x02A8 , 0xFFE6 ,
    0x0000 , 0x0002 , 0xFFEC , S(7674), 0x0000 , 0x0002 , 0xFFEB , S(6574),
    0x0000 , 0x6F6F , 0x02B3 , 0x0000 , 0x6276 , 0xFFFC , 0xFFFD , 0x0000 ,
    0x0002 , 0xFFBE , S(6A6F), 0x0000 , 0x7561 , 0xFFC6 , 0x0000 , 0x0000 ,
    0x0000 , 0x0000 , 0x0000 , 0x0000 , 0x0000 , 0xFFC4 , 0x0000 , 0x0000 ,
    0x0000 , 0x0000 , 0x0000 , 0x0000 , 0x0000 , 0x0000 , 0x0000 , 0x0000 ,
    0x0000 , 0xFFC2 , 0x0000 , 0x6E6F , 0x0169 , 0x016C , 0x0000 , 0x6161 ,
    0x02D9 , 0x0000 , 0xA163 , 0x00C8 , 0x0000 , 0x0000 , 0x0000 , 0x0000 ,
    0x0000 , 0x0000 , 0x0000 , 0x0000 , 0x0000 , 0x0000 , 0x0000 , 0x0000 ,
    0x0000 , 0x0000 , 0x0000 , 0x031A , 0x00D2 , 0x0000 , 0x0000 , 0x0000 ,
    0x0000 , 0x0000 , 0x0000 , 0x0000 , 0x0000 , 0x0000 , 0x0000 , 0x0000 ,
    0x0000 , 0x0000 , 0x0000 , 0x0000 , 0x0000 , 0x0000 , 0x0000 , 0x0000 ,
    0x0000 , 0x0000 , 0x0000 , 0x0000 , 0x0000 , 0x00E9 , 0x0000 , 0x0000 ,
    0x0000 , 0x0000 , 0x0000 , 0x0000 , 0x0000 , 0x0000 , 0x0000 , 0x0000 ,
    0x0000 , 0x0000 , 0x0000 , 0x0000 , 0x0000 , 0x0000 , 0x0000 , 0x0000 ,
    0x0000 , 0x031D , 0x0000 , 0x7575 , 0xFFC7 , 0x0000 , 0x0002 , 0xFFC8 ,
    S(C575), 0x0000 , 0x0003 , 0xFFA9 , S(7A69), S(0061), 0x0000 , 0x6161 ,
    0x0329 , 0x0000 , 0xA163 , 0x036A , 0x0000 , 0x0000 , 0x0000 , 0x0000 ,
    0x0000 , 0x0000 , 0x036E , 0x037D , 0x0381 , 0x0000 , 0x0000 , 0x0000 ,
    0x0000 , 0x0000 , 0x039F , 0x03A6 , 0x03C1 , 0x0000 , 0x03DB , 0x0000 ,
    0x0000 , 0x0000 , 0x03ED , 0x0000 , 0x0000 , 0x0000 , 0x0000 , 0x0000 ,
    0x0000 , 0x0000 , 0x0000 , 0x0000 , 0x0000 , 0x0000 , 0x0000 , 0x0000 ,
    0x0000 , 0x0000 , 0x0000 , 0x0000 , 0x0000 , 0x03F0 , 0x0000 , 0x0000 ,
    0x0000 , 0x0000 , 0x0000 , 0x0000 , 0x0000 , 0x0000 , 0x0000 , 0x0000 ,
    0x0000 , 0x0000 , 0x0000 , 0x0000 , 0x0000 , 0x0000 , 0x0000 , 0x0000 ,
    0x0000 , 0x03F5 , 0x0000 , 0x0002 , 0xFFBF , S(6974), 0x0000 , 0x616C ,
    0x0372 , 0x0379 , 0x0000 , 0x638D , 0xFFF9 , 0x0376 , 0x0000 , 0xC4C4 ,
    0xFFFA , 0x0000 , 0x0002 , 0xFFB3 , S(6F76), 0x0000 , 0x0002 , 0xFFC1 ,
    S(7365), 0x0000 , 0x6169 , 0xFFD8 , 0x0385 , 0x0000 , 0x7662 , 0xFFDF ,
    0x0000 , 0x0000 , 0x0000 , 0x0000 , 0xFFDB , 0x0000 , 0x0000 , 0x0000 ,
    0x0000 , 0x0000 , 0x0000 , 0xFFD9 , 0x0000 , 0x0000 , 0x0000 , 0xFFDA ,
    0xFFDC , 0xFFDE , 0x0000 , 0x039C , 0x0000 , 0x6161 , 0xFFDD , 0x0000 ,
    0x6165 , 0x03A3 , 0xFFF8 , 0x0000 , 0x6C6C , 0xFFF7 , 0x0000 , 0x7561 ,
    0xFFA5 , 0x0000 , 0x0000 , 0x0000 , 0xFFF6 , 0x0000 , 0x0000 , 0x0000 ,
    0x0000 , 0x0000 , 0x0000 , 0x0000 , 0x0000 , 0x0000 , 0x0000 , 0x0000 ,
    0x0000 , 0x0000 , 0x0000 , 0x0000 , 0x03BD , 0x0000 , 0x646B , 0xFFE1 ,
    0xFFE4 , 0x0000 , 0x6E61 , 0xFFD1 , 0x0000 , 0x0000 , 0x0000 , 0x03D1 ,
    0x0000 , 0x0000 , 0x0000 , 0x0000 , 0x0000 , 0x0000 , 0x0000 , 0x0000 ,
    0x03D8 , 0x0000 , 0x6C74 , 0x03D5 , 0xFFCF , 0x0000 , 0x7070 , 0xFFCE ,
    0x0000 , 0x6161 , 0xFFE0 , 0x0000 , 0x6169 , 0x03DF , 0x03E9 , 0x0000 ,
    0x7274 , 0x03E3 , 0x03E6 , 0x0000 , 0x7070 , 0xFFD4 , 0x0000 , 0x7373 ,
    0xFFD5 , 0x0000 , 0x7374 , 0xFFD2 , 0xFFD3 , 0x0000 , 0x6F6F , 0xFFD7 ,
    0x0000 , 0x0003 , 0xFFC0 , S(6974), S(00C4), 0x0000 , 0xC5C5 , 0x03F8 ,
    0x0000 , 0x6175 , 0xFFA6 , 0x03FC , 0x0000 , 0x6464 , 0xFFE2 , 0x0000 ,
    0x0002 , 0x0403 , S(6174), 0x0000 , 0x7365 , 0x0184 , 0x0000 , 0x0000 ,
    0x0000 , 0x0000 , 0x0000 , 0x0000 , 0x0000 , 0x0000 , 0x0187 , 0x0000 ,
    0x0000 , 0x0000 , 0x0000 , 0x018B , 0x0000 , 0x6161 , 0x0417 , 0x0000 ,
    0x6B6E , 0x0195 , 0x041B , 0x0000 , 0x6565 , 0xFFD0 , 0x0000 , 0x6387 ,
    0x0422 , 0x0426 , 0x0000 , 0x0002 , 0xFFB8 , S(736F), 0x0000 , 0x0004 ,
    0xFFB9 , S(C56F), S(C4A1)
};

static const unsigned short a_2[] = {
    0x0000 , 0xA161 , 0x0043 , 0x0000 , 0x0000 , 0x0000 , 0x0913 , 0x0000 ,
    0x0EE5 , 0x0FF2 , 0x10BD , 0x13FF , 0x0000 , 0x14A4 , 0x14B2 , 0x1831 ,
    0x1840 , 0x0000 , 0x0000 , 0x0000 , 0x1B08 , 0x1B7D , 0x1C1D , 0x1E45 ,
    0x0000 , 0x0000 , 0x0000 , 0x0000 , 0x0000 , 0x0000 , 0x0000 , 0x0000 ,
    0x0000 , 0x0000 , 0x0000 , 0x0000 , 0x0000 , 0x0000 , 0x0000 , 0x0000 ,
    0x0000 , 0x0000 , 0x0000 , 0x0000 , 0x0000 , 0x0000 , 0x0000 , 0x0000 ,
    0x0000 , 0x0000 , 0x0000 , 0x0000 , 0x0000 , 0x0000 , 0x0000 , 0x0000 ,
    0x0000 , 0x0000 , 0x0000 , 0x0000 , 0x0000 , 0x0000 , 0x0000 , 0x0000 ,
    0x0000 , 0x0000 , 0x1E4F , 0x0000 , 0xA163 , 0x0084 , 0x0000 , 0x0000 ,
    0x0000 , 0x009B , 0x0000 , 0x0000 , 0x02DF , 0x01FA , 0x03BD , 0x04CC ,
    0x080E , 0x0000 , 0x0000 , 0x0000 , 0x0745 , 0x0756 , 0x08A5 , 0x0000 ,
    0x08EC , 0x0000 , 0x0000 , 0x0000 , 0x0000 , 0x0000 , 0x0000 , 0x0000 ,
    0x0000 , 0x0000 , 0x0000 , 0x0000 , 0x0000 , 0x0000 , 0x0000 , 0x0000 ,
    0x0000 , 0x02DC , 0x0000 , 0x0000 , 0x0000 , 0x0000 , 0x0000 , 0x0000 ,
    0x0000 , 0x0000 , 0x0000 , 0x0000 , 0x0000 , 0x0000 , 0x0000 , 0x0000 ,
    0x0000 , 0x0000 , 0x0000 , 0x0000 , 0x0000 , 0x0000 , 0x0000 , 0x0000 ,
    0x0000 , 0x0000 , 0x0000 , 0x0910 , 0x0000 , 0x7561 , 0xFF84 , 0x0000 ,
    0x0000 , 0x0000 , 0xFF83 , 0x0000 , 0x0000 , 0x0000 , 0x0000 , 0x0000 ,
    0x0000 , 0x0000 , 0x0000 , 0x0000 , 0x0000 , 0x0000 , 0x0000 , 0x0000 ,
    0x0000 , 0x0000 , 0xFF82 , 0x0014 , 0x7565 , 0x00AE , 0x0000 , 0x0000 ,
    0x0000 , 0x0000 , 0x0000 , 0x0000 , 0x0000 , 0x0000 , 0x0000 , 0x0276 ,
    0x0000 , 0x0000 , 0x0000 , 0x0000 , 0x0000 , 0xFFEE , 0x0000 , 0xA163 ,
    0x0084 , 0x0000 , 0x0000 , 0x0000 , 0x0000 , 0x0000 , 0x0000 , 0x00EF ,
    0x01FA , 0x017D , 0x0000 , 0x01FE , 0x0000 , 0x0000 , 0x0000 , 0x0000 ,
    0x0180 , 0x0244 , 0x0000 , 0x01A2 , 0x0000 , 0x0000 , 0x0000 , 0x0000 ,
    0x0000 , 0x0000 , 0x0000 , 0x0000 , 0x0000 , 0x0000 , 0x0000 , 0x0000 ,
    0x0000 , 0x0000 , 0x0000 , 0x0000 , 0x025C , 0x0000 , 0x0000 , 0x0000 ,
    0x0000 , 0x0000 , 0x0000 , 0x0000 , 0x0000 , 0x0000 , 0x0000 , 0x0000 ,
    0x0000 , 0x0000 , 0x0000 , 0x0000 , 0x0000 , 0x0000 , 0x0000 , 0x0000 ,
    0x0000 , 0x0000 , 0x0000 , 0x0000 , 0x0000 , 0x0000 , 0x01B3 , 0x0000 ,
    0x696E , 0x00F3 , 0x01B7 , 0x0000 , 0xA16A , 0x012D , 0x0176 , 0x017D ,
    0x0000 , 0xFFF3 , 0x0000 , 0x0000 , 0x0000 , 0x0000 , 0x0180 , 0x0183 ,
    0x0000 , 0x01A2 , 0x0000 , 0x0000 , 0x0000 , 0x0000 , 0x0000 , 0x0000 ,
    0x0000 , 0x0000 , 0x0000 , 0x0000 , 0x0000 , 0x0000 , 0x0000 , 0x0000 ,
    0x0000 , 0x0000 , 0x0000 , 0x0000 , 0x0000 , 0x0000 , 0x0000 , 0x0000 ,
    0x0000 , 0x0000 , 0x0000 , 0x0000 , 0x0000 , 0x0000 , 0x0000 , 0x0000 ,
    0x0000 , 0x0000 , 0x0000 , 0x0000 , 0x0000 , 0x0000 , 0x0000 , 0x0000 ,
    0x0000 , 0x0000 , 0x0000 , 0x0000 , 0x01B3 , 0x0000 , 0x6E6E , 0x0130 ,
    0x0000 , 0xA161 , 0xFFAC , 0x0000 , 0x0000 , 0x0000 , 0xFFAB , 0x0000 ,
    0x0000 , 0x0000 , 0x0000 , 0x0000 , 0x0000 , 0x0000 , 0x0000 , 0x0000 ,
    0x0000 , 0x0000 , 0x0000 , 0x0000 , 0xFF86 , 0x0000 , 0x0000 , 0x0000 ,
    0x0000 , 0x0000 , 0x0000 , 0x0000 , 0x0000 , 0x0000 , 0x0000 , 0x0000 ,
    0x0000 , 0x0000 , 0x0000 , 0x0000 , 0x0000 , 0x0000 , 0x0000 , 0x0000 ,
    0x0000 , 0x0000 , 0x0000 , 0x0000 , 0x0000 , 0x0000 , 0x0000 , 0x0000 ,
    0x0000 , 0x0000 , 0x0000 , 0x0000 , 0x0000 , 0x0000 , 0x0000 , 0x0000 ,
    0x0000 , 0x0000 , 0x0000 , 0x0000 , 0x0000 , 0x0000 , 0x0000 , 0x0000 ,
    0x0000 , 0x0000 , 0x0173 , 0x0000 , 0xC5C5 , 0xFFAA , 0x005F , 0x73A1 ,
    0xFFFF , 0x017A , 0x0000 , 0xC5C5 , 0xFFFE , 0x0000 , 0x6565 , 0xFFAD ,
    0x0000 , 0x6F6F , 0xFF85 , 0x0000 , 0x7361 , 0xFF88 , 0x0000 , 0x0000 ,
    0x0000 , 0x0000 , 0x0000 , 0x0000 , 0x0000 , 0x0198 , 0x0000 , 0x0000 ,
    0x0000 , 0x0000 , 0x0000 , 0x0000 , 0x0000 , 0x0000 , 0x0000 , 0x019F ,
    0x0000 , 0x7676 , 0x019B , 0x0000 , 0x656F , 0xFFA4 , 0xFFA3 , 0x0000 ,
    0x6161 , 0xFFA2 , 0x0000 , 0x6F61 , 0xFFB3 , 0x0000 , 0x0000 , 0x0000 ,
    0xFFB2 , 0x0000 , 0x0000 , 0x0000 , 0xFFB1 , 0x0000 , 0x0000 , 0x0000 ,
    0x0000 , 0x0000 , 0xFFB0 , 0x0000 , 0x0002 , 0xFFA5 , S(C56F), 0x0000 ,
    0xA161 , 0xFFAC , 0x0000 , 0x0000 , 0x0000 , 0xFFAB , 0x0000 , 0x0000 ,
    0x0000 , 0x0000 , 0x0000 , 0x0000 , 0x0000 , 0x0000 , 0x0000 , 0x0000 ,
    0x0000 , 0x0000 , 0x0000 , 0xFF86 , 0x0000 , 0x0000 , 0x0000 , 0x0000 ,
    0x0000 , 0x0000 , 0x0000 , 0x0000 , 0x0000 , 0x0000 , 0x0000 , 0x0000 ,
    0x0000 , 0x0000 , 0x0000 , 0x0000 , 0x0000 , 0x0000 , 0x0000 , 0x0000 ,
    0x0000 , 0x0000 , 0x0000 , 0x0000 , 0x0000 , 0x0000 , 0x0000 , 0x0000 ,
    0x0000 , 0x0000 , 0x0000 , 0x0000 , 0x0000 , 0x0000 , 0x0000 , 0x0000 ,
    0x0000 , 0x0000 , 0x0000 , 0x0000 , 0x0000 , 0x0000 , 0x0000 , 0x0000 ,
    0x0000 , 0x0173 , 0x005F , 0x73A1 , 0xFFFF , 0x017A , 0x000D , 0xA161 ,
    0xFFF6 , 0x0000 , 0x0000 , 0x0000 , 0xFFA9 , 0x0000 , 0x0000 , 0x0000 ,
    0x0000 , 0x0000 , 0x0000 , 0x0000 , 0x0000 , 0x0000 , 0x0000 , 0x0000 ,
    0x0000 , 0x0000 , 0xFF61 , 0x0000 , 0x0000 , 0x0000 , 0x0000 , 0x0000 ,
    0x0000 , 0x0000 , 0x0000 , 0x0000 , 0x0000 , 0x0000 , 0x0000 , 0x0000 ,
    0x0000 , 0x0000 , 0x0000 , 0x0000 , 0x0000 , 0x0000 , 0x0000 , 0x0000 ,
    0x0000 , 0x0000 , 0x0000 , 0x0000 , 0x0000 , 0x0000 , 0x0000 , 0x0000 ,
    0x0000 , 0x0000 , 0x0000 , 0x0000 , 0x0000 , 0x0000 , 0x0000 , 0x0000 ,
    0x0000 , 0x0000 , 0x0000 , 0x0000 , 0x0000 , 0x0000 , 0x0000 , 0x0000 ,
    0x0241 , 0x0000 , 0xC5C5 , 0xFFA8 , 0x0000 , 0x7361 , 0xFF88 , 0x0000 ,
    0x0000 , 0x0000 , 0x0000 , 0x0000 , 0x0000 , 0x0000 , 0x0259 , 0x0000 ,
    0x0000 , 0x0000 , 0x0000 , 0x0000 , 0x0000 , 0x0000 , 0x0000 , 0x0000 ,
    0x019F , 0x0000 , 0x7676 , 0x019B , 0x0000 , 0xC4C4 , 0x025F , 0x0000 ,
    0x7561 , 0xFFF2 , 0x0000 , 0x0000 , 0x0000 , 0xFFF1 , 0x0000 , 0x0000 ,
    0x0000 , 0x0000 , 0x0000 , 0x0000 , 0x0000 , 0x0000 , 0x0000 , 0x0000 ,
    0x0000 , 0x0000 , 0x0000 , 0x0000 , 0x0000 , 0xFFF0 , 0x0000 , 0xA163 ,
    0x0084 , 0x0000 , 0x0000 , 0x0000 , 0x0000 , 0x0000 , 0x0000 , 0x02B7 ,
    0x01FA , 0x02BA , 0x0000 , 0x02BD , 0x0000 , 0x0000 , 0x0000 , 0x0000 ,
    0x0180 , 0x02C7 , 0x0000 , 0x01A2 , 0x0000 , 0x0000 , 0x0000 , 0x0000 ,
    0x0000 , 0x0000 , 0x0000 , 0x0000 , 0x0000 , 0x0000 , 0x0000 , 0x0000 ,
    0x0000 , 0x0000 , 0x0000 , 0x0000 , 0x02DC , 0x0000 , 0x0000 , 0x0000 ,
    0x0000 , 0x0000 , 0x0000 , 0x0000 , 0x0000 , 0x0000 , 0x0000 , 0x0000 ,
    0x0000 , 0x0000 , 0x0000 , 0x0000 , 0x0000 , 0x0000 , 0x0000 , 0x0000 ,
    0x0000 , 0x0000 , 0x0000 , 0x0000 , 0x0000 , 0x0000 , 0x01B3 , 0x0000 ,
    0x6E6E , 0x01B7 , 0x0013 , 0x6565 , 0xFFAD , 0x000D , 0x6969 , 0x02C0 ,
    0x0000 , 0x638D , 0xFF77 , 0x02C4 , 0x0000 , 0xC4C4 , 0xFFA7 , 0x0000 ,
    0x7361 , 0xFF88 , 0x0000 , 0x0000 , 0x0000 , 0x0000 , 0x0000 , 0x0000 ,
    0x0000 , 0x0259 , 0x0000 , 0x0000 , 0x0000 , 0x0000 , 0x0000 , 0x0000 ,
    0x0000 , 0x0000 , 0x0000 , 0x019F , 0x0000 , 0xC4C4 , 0x025F , 0x0000 ,
    0x6E61 , 0x02EF , 0x0000 , 0x0000 , 0x0000 , 0x0000 , 0x0000 , 0x0000 ,
    0x0000 , 0x0329 , 0x0000 , 0x0000 , 0x0000 , 0x0000 , 0x01B7 , 0x006D ,
    0x9163 , 0xFFE6 , 0x0000 , 0x0000 , 0x0000 , 0x0000 , 0x0000 , 0x0000 ,
    0x0000 , 0x0000 , 0xFFE2 , 0x0000 , 0x0000 , 0x0000 , 0x0000 , 0x0000 ,
    0xFFE1 , 0x0000 , 0x0000 , 0x0000 , 0x0000 , 0x0000 , 0x0000 , 0x0000 ,
    0x0000 , 0x0000 , 0x0000 , 0x0000 , 0x0000 , 0x0000 , 0x0000 , 0x0000 ,
    0x0000 , 0x0000 , 0x0000 , 0x0000 , 0x0000 , 0x0320 , 0x0000 , 0x0000 ,
    0x0000 , 0x0000 , 0x0000 , 0x0323 , 0x0000 , 0x0000 , 0x0000 , 0x0326 ,
    0x0000 , 0xC4C4 , 0xFFE4 , 0x0000 , 0xC4C4 , 0xFFE5 , 0x0000 , 0xC4C4 ,
    0xFFE3 , 0x0000 , 0xBE62 , 0xFFE0 , 0xFFDF , 0xFFDE , 0x0000 , 0xFFD8 ,
    0xFFD9 , 0x0000 , 0x0000 , 0x02B7 , 0x01FA , 0x0388 , 0xFFDB , 0x038B ,
    0x0000 , 0xFFD7 , 0x0000 , 0x039E , 0x03A2 , 0x03A5 , 0x0000 , 0x01A2 ,
    0x0000 , 0x0000 , 0x0000 , 0xFFD3 , 0x0000 , 0x0000 , 0x0000 , 0x0000 ,
    0x0000 , 0x0000 , 0x0000 , 0x0000 , 0x0000 , 0x0000 , 0x0000 , 0x0000 ,
    0x0000 , 0x0000 , 0x0000 , 0x0000 , 0x0000 , 0x0000 , 0x0000 , 0x0000 ,
    0x0000 , 0x0000 , 0x0000 , 0x0000 , 0x0000 , 0x0000 , 0x0000 , 0x0000 ,
    0x0000 , 0x0000 , 0x0000 , 0x0000 , 0x0000 , 0x0000 , 0x0000 , 0x0000 ,
    0x0000 , 0x0000 , 0x01B3 , 0x0000 , 0x0000 , 0x0000 , 0x0000 , 0x0000 ,
    0x0000 , 0x0000 , 0x0000 , 0x0000 , 0x0000 , 0x0000 , 0x0000 , 0x0000 ,
    0x0000 , 0x0000 , 0x0000 , 0x0000 , 0x0000 , 0x0000 , 0x0000 , 0x0000 ,
    0x0000 , 0x0000 , 0x0000 , 0x0000 , 0x0000 , 0x0000 , 0x0000 , 0x03BA ,
    0x0018 , 0x6565 , 0xFFAD , 0x000D , 0x6161 , 0x038E , 0x0000 , 0x7467 ,
    0xFFF7 , 0x0000 , 0x0000 , 0x0000 , 0x0000 , 0x0000 , 0xFFFA , 0x0000 ,
    0x0000 , 0xFFF9 , 0x0000 , 0xFFF8 , 0x0000 , 0xFFFB , 0x002A , 0x0002 ,
    0xFFEB , S(6172), 0x0017 , 0x6F6F , 0xFF85 , 0x002C , 0x7361 , 0xFF88 ,
    0x0000 , 0x0000 , 0x0000 , 0x0000 , 0x0000 , 0x0000 , 0x0000 , 0x0259 ,
    0x0000 , 0x0000 , 0x0000 , 0x0000 , 0x0000 , 0xFFEA , 0x0000 , 0x0000 ,
    0x0000 , 0x019F , 0x0000 , 0xC5C5 , 0xFFDA , 0x0000 , 0x7561 , 0x03D4 ,
    0x0000 , 0x0000 , 0x0000 , 0xFFAD , 0x0000 , 0x0000 , 0x0000 , 0x045F ,
    0x0000 , 0x0000 , 0x0000 , 0x0000 , 0x0000 , 0xFFCE , 0x0000 , 0x0000 ,
    0x0000 , 0x04C6 , 0x0000 , 0x04C9 , 0x0068 , 0x8D63 , 0x0401 , 0x0000 ,
    0x0000 , 0x0000 , 0x0000 , 0x0000 , 0x0000 , 0x0404 , 0x0000 , 0x0000 ,
    0x0000 , 0xFFD2 , 0x0000 , 0x0000 , 0x0000 , 0x042C , 0x0000 , 0x0430 ,
    0x0000 , 0x0444 , 0x0000 , 0x0000 , 0x0000 , 0x0000 , 0x0000 , 0x0000 ,
    0x0000 , 0x0000 , 0x0000 , 0x0000 , 0x0000 , 0x0000 , 0x0000 , 0x0000 ,
    0x0000 , 0x0000 , 0x0000 , 0x0000 , 0x0000 , 0x0000 , 0x0000 , 0x0000 ,
    0x045B , 0x0000 , 0x6161 , 0xFF80 , 0x0000 , 0x6E61 , 0x0414 , 0x0000 ,
    0x0000 , 0x0000 , 0x0000 , 0x0000 , 0x0000 , 0x0000 , 0xFFD1 , 0x0000 ,
    0x0000 , 0x0000 , 0x0000 , 0x0429 , 0x0000 , 0x0002 , 0x0418 , S(7473),
    0x0000 , 0x6F61 , 0xFF96 , 0x0000 , 0x0000 , 0x0000 , 0x0000 , 0x0000 ,
    0x0000 , 0x0000 , 0xFF95 , 0x0000 , 0x0000 , 0x0000 , 0x0000 , 0x0000 ,
    0xFF94 , 0x0000 , 0x6969 , 0xFF8E , 0x0000 , 0x6975 , 0xFF9C , 0xFF97 ,
    0x0071 , 0x7373 , 0x0433 , 0x0000 , 0x6F61 , 0xFF92 , 0x0000 , 0x0000 ,
    0x0000 , 0x0000 , 0x0000 , 0x0000 , 0x0000 , 0xFF91 , 0x0000 , 0x0000 ,
    0x0000 , 0x0000 , 0x0000 , 0xFF90 , 0x0000 , 0x7561 , 0xFF9F , 0x0000 ,
    0x0000 , 0x0000 , 0xFFA0 , 0x0000 , 0x0000 , 0x0000 , 0xFF9E , 0x0000 ,
    0x0000 , 0x0000 , 0x0000 , 0x0000 , 0xFFB4 , 0x0000 , 0x0000 , 0x0000 ,
    0x0000 , 0x0000 , 0xFF9D , 0x0000 , 0x0002 , 0xFF9A , S(C461), 0x0074 ,
    0xA163 , 0x04A0 , 0x0000 , 0x0000 , 0x0000 , 0x0000 , 0x0000 , 0x0000 ,
    0x0000 , 0x0000 , 0x0000 , 0x0000 , 0x04A7 , 0x0000 , 0x0000 , 0x0000 ,
    0x0000 , 0x04AC , 0x04B0 , 0x0000 , 0x0000 , 0x0000 , 0x0000 , 0x0000 ,
    0x04B4 , 0x0000 , 0x0000 , 0x0000 , 0x0000 , 0x0000 , 0x0000 , 0x0000 ,
    0x0000 , 0x0000 , 0x0000 , 0x0000 , 0x0000 , 0x0000 , 0x0000 , 0x0000 ,
    0x0000 , 0x0000 , 0x0000 , 0x04B7 , 0x0000 , 0x0000 , 0x0000 , 0x0000 ,
    0x0000 , 0x0000 , 0x0000 , 0x0000 , 0x0000 , 0x0000 , 0x0000 , 0x0000 ,
    0x0000 , 0x0000 , 0x0000 , 0x0000 , 0x0000 , 0x0000 , 0x0000 , 0x04C1 ,
    0x0000 , 0x6175 , 0xFF84 , 0x04A4 , 0x0000 , 0x6C6C , 0xFF87 , 0x0067 ,
    0x0003 , 0x0433 , S(7473), S(0061), 0x0000 , 0x0002 , 0xFF81 , S(6F72),
    0x0000 , 0x0002 , 0xFF8A , S(656A), 0x0000 , 0x6F6F , 0xFFD0 , 0x0000 ,
    0xC4C4 , 0x04BA , 0x0000 , 0x6175 , 0xFF9B , 0x04BE , 0x0000 , 0x6C6C ,
    0xFF8B , 0x0000 , 0x0003 , 0xFFA6 , S(6F72), S(00C5), 0x0000 , 0x6161 ,
    0xFF8D , 0x0000 , 0x6E6E , 0xFFF3 , 0x0000 , 0x6961 , 0x04D7 , 0x0000 ,
    0x0000 , 0x0000 , 0x05CB , 0x0000 , 0x0000 , 0x0000 , 0x0649 , 0x0000 ,
    0xA167 , 0x0514 , 0x0000 , 0x0000 , 0x051B , 0x0000 , 0x05B2 , 0x05C4 ,
    0x05CE , 0x0000 , 0x0000 , 0x0000 , 0x05D5 , 0x05E6 , 0x0608 , 0x0000 ,
    0x0619 , 0x0000 , 0x0000 , 0x0000 , 0x0000 , 0x0000 , 0x0000 , 0x0000 ,
    0x0000 , 0x0000 , 0x0000 , 0x0000 , 0x0000 , 0x0000 , 0x0000 , 0x0000 ,
    0x0000 , 0x0000 , 0x0000 , 0x0000 , 0x0000 , 0x0000 , 0x0000 , 0x0000 ,
    0x0000 , 0x0000 , 0x0000 , 0x0000 , 0x0000 , 0x0000 , 0x0000 , 0x0000 ,
    0x0000 , 0x0000 , 0x0000 , 0x0000 , 0x0000 , 0x0000 , 0x0000 , 0x0000 ,
    0x0000 , 0x0000 , 0x0000 , 0x0624 , 0x0014 , 0x6F75 , 0x0518 , 0xFFEE ,
    0x0000 , 0x6C6C , 0xFFED , 0x0000 , 0x6169 , 0x051F , 0x0550 , 0x006D ,
    0x9163 , 0xFFE6 , 0x0000 , 0x0000 , 0x0000 , 0x0000 , 0x0000 , 0x0000 ,
    0x0000 , 0x0000 , 0xFFE2 , 0x0000 , 0x0000 , 0x0000 , 0x0000 , 0x0000 ,
    0xFFE1 , 0x0000 , 0x0000 , 0x0000 , 0x0000 , 0x0000 , 0x0000 , 0x0000 ,
    0x0000 , 0x0000 , 0x0000 , 0x0000 , 0x0000 , 0x0000 , 0x0000 , 0x0000 ,
    0x0000 , 0x0000 , 0x0000 , 0x0000 , 0x0000 , 0x0320 , 0x0000 , 0x0000 ,
    0x0000 , 0x0000 , 0x0000 , 0x0323 , 0x0000 , 0x0000 , 0x0000 , 0x0326 ,
    0x0000 , 0xBE62 , 0xFFE0 , 0xFFDF , 0xFFDE , 0x0000 , 0xFFD8 , 0xFFD9 ,
    0x0000 , 0x0000 , 0x0000 , 0x0000 , 0xFFDD , 0xFFDB , 0x05AF , 0x0000 ,
    0xFFD7 , 0x0000 , 0xFFD6 , 0xFFD5 , 0xFFD4 , 0x0000 , 0x0000 , 0x0000 ,
    0x0000 , 0x0000 , 0xFFD3 , 0x0000 , 0x0000 , 0x0000 , 0x0000 , 0x0000 ,
    0x0000 , 0x0000 , 0x0000 , 0x0000 , 0x0000 , 0x0000 , 0x0000 , 0x0000 ,
    0x0000 , 0x0000 , 0x0000 , 0x0000 , 0x0000 , 0x0000 , 0x0000 , 0x0000 ,
    0x0000 , 0x0000 , 0x0000 , 0x0000 , 0x0000 , 0x0000 , 0x0000 , 0x0000 ,
    0x0000 , 0x0000 , 0x0000 , 0x0000 , 0x0000 , 0x0000 , 0x0000 , 0x0000 ,
    0x0000 , 0x0000 , 0x0000 , 0x0000 , 0x0000 , 0x0000 , 0x0000 , 0x0000 ,
    0x0000 , 0x0000 , 0x0000 , 0x0000 , 0x0000 , 0x0000 , 0x0000 , 0x0000 ,
    0x0000 , 0x0000 , 0x0000 , 0x0000 , 0x0000 , 0x0000 , 0x0000 , 0x0000 ,
    0x0000 , 0x0000 , 0x0000 , 0x0000 , 0x0000 , 0x0000 , 0x03BA , 0x0024 ,
    0x6161 , 0x038E , 0x0000 , 0x6961 , 0x05BD , 0x0000 , 0x0000 , 0x0000 ,
    0xFF89 , 0x0000 , 0x0000 , 0x0000 , 0xFF8C , 0x0068 , 0x6A6E , 0x05C1 ,
    0xFFD2 , 0x0000 , 0x6969 , 0xFFD1 , 0x0000 , 0x6165 , 0x05C8 , 0x05CB ,
    0x0000 , 0x7272 , 0xFFCC , 0x0000 , 0x6C6C , 0xFFCD , 0x0000 , 0x6969 ,
    0x05D1 , 0x000B , 0x638D , 0xFF77 , 0x02C4 , 0x0034 , 0x6F61 , 0xFFCB ,
    0x0000 , 0x0000 , 0xFFCA , 0xFFC9 , 0x0000 , 0x0000 , 0x0000 , 0x0000 ,
    0x0000 , 0x0000 , 0x0000 , 0x0000 , 0x0000 , 0xFFC8 , 0x0000 , 0x6961 ,
    0x05F1 , 0x0000 , 0x0000 , 0x0000 , 0xFF68 , 0x0000 , 0x0000 , 0x0000 ,
    0xFF66 , 0x0000 , 0x7662 , 0xFF79 , 0x0000 , 0x0000 , 0x0000 , 0x0000 ,
    0xFF7D , 0x0000 , 0x0000 , 0xFF7F , 0xFF7B , 0x0000 , 0x0000 , 0xFF7C ,
    0x0000 , 0x0000 , 0x0000 , 0x0000 , 0x0000 , 0xFF7E , 0x0000 , 0xFF7A ,
    0x0000 , 0x6573 , 0xFFBA , 0x060C , 0x0000 , 0x6F65 , 0xFFB9 , 0x0000 ,
    0x0000 , 0x0000 , 0xFFB8 , 0x0000 , 0xFFB7 , 0x0000 , 0x0000 , 0x0000 ,
    0xFFB6 , 0x0000 , 0x6961 , 0xFFB3 , 0x0000 , 0x0000 , 0x0000 , 0xFFB2 ,
    0x0000 , 0x0000 , 0x0000 , 0xFFB1 , 0x0000 , 0xC5C5 , 0x0627 , 0x0000 ,
    0x6961 , 0x0632 , 0x0000 , 0x0000 , 0x0000 , 0xFFBE , 0x0000 , 0x0000 ,
    0x0000 , 0xFFBD , 0x0000 , 0x7662 , 0xFFC1 , 0x0000 , 0x0000 , 0x0000 ,
    0x0000 , 0xFFC0 , 0x0000 , 0x0000 , 0xFFC3 , 0xFFC2 , 0x0000 , 0x0000 ,
    0xFFC4 , 0x0000 , 0x0000 , 0x0000 , 0x0000 , 0x0000 , 0xFFC5 , 0x0000 ,
    0xFFBF , 0x0000 , 0xA163 , 0x0084 , 0x0000 , 0x0000 , 0x0000 , 0x0000 ,
    0x0000 , 0x0000 , 0x068A , 0x01FA , 0x0717 , 0x0730 , 0x0734 , 0x0000 ,
    0x0000 , 0x0000 , 0x0745 , 0x0756 , 0x0767 , 0x0000 , 0x07C6 , 0x0000 ,
    0x0000 , 0x0000 , 0x0000 , 0x0000 , 0x0000 , 0x0000 , 0x0000 , 0x0000 ,
    0x0000 , 0x0000 , 0x0000 , 0x0000 , 0x0000 , 0x0000 , 0x0000 , 0x02DC ,
    0x0000 , 0x0000 , 0x0000 , 0x0000 , 0x0000 , 0x0000 , 0x0000 , 0x0000 ,
    0x0000 , 0x0000 , 0x0000 , 0x0000 , 0x0000 , 0x0000 , 0x0000 , 0x0000 ,
    0x0000 , 0x0000 , 0x0000 , 0x0000 , 0x0000 , 0x0000 , 0x0000 , 0x0000 ,
    0x0000 , 0x07FA , 0x0000 , 0x6E61 , 0x051F , 0x0000 , 0x0000 , 0x0000 ,
    0x0000 , 0x0000 , 0x0000 , 0x0000 , 0x069A , 0x0000 , 0x0000 , 0x0000 ,
    0x0000 , 0x01B7 , 0x0000 , 0xBE62 , 0xFFE0 , 0xFFDF , 0xFFDE , 0x0000 ,
    0xFFD8 , 0xFFD9 , 0x0000 , 0x0000 , 0x02B7 , 0x01FA , 0x06F9 , 0xFFDB ,
    0x06FC , 0x0000 , 0xFFD7 , 0x0000 , 0xFFD6 , 0x06FF , 0x0702 , 0x0000 ,
    0x01A2 , 0x0000 , 0x0000 , 0x0000 , 0xFFD3 , 0x0000 , 0x0000 , 0x0000 ,
    0x0000 , 0x0000 , 0x0000 , 0x0000 , 0x0000 , 0x0000 , 0x0000 , 0x0000 ,
    0x0000 , 0x0000 , 0x0000 , 0x0000 , 0x0000 , 0x0000 , 0x0000 , 0x0000 ,
    0x0000 , 0x0000 , 0x0000 , 0x0000 , 0x0000 , 0x0000 , 0x0000 , 0x0000 ,
    0x0000 , 0x0000 , 0x0000 , 0x0000 , 0x0000 , 0x0000 , 0x0000 , 0x0000 ,
    0x0000 , 0x0000 , 0x0000 , 0x01B3 , 0x0000 , 0x0000 , 0x0000 , 0x0000 ,
    0x0000 , 0x0000 , 0x0000 , 0x0000 , 0x0000 , 0x0000 , 0x0000 , 0x0000 ,
    0x0000 , 0x0000 , 0x0000 , 0x0000 , 0x0000 , 0x0000 , 0x0000 , 0x0000 ,
    0x0000 , 0x0000 , 0x0000 , 0x0000 , 0x0000 , 0x0000 , 0x0000 , 0x0000 ,
    0x03BA , 0x0023 , 0x6565 , 0xFFAD , 0x000D , 0x6161 , 0x038E , 0x002B ,
    0x6F6F , 0xFF85 , 0x002C , 0x7361 , 0xFF88 , 0x0000 , 0x0000 , 0x0000 ,
    0x0000 , 0x0000 , 0x0000 , 0x0000 , 0x0259 , 0x0000 , 0x0000 , 0x0000 ,
    0x0000 , 0x0000 , 0x0000 , 0x0000 , 0x0000 , 0x0000 , 0x019F , 0x0000 ,
    0x6F61 , 0x0728 , 0x0000 , 0x0000 , 0x0000 , 0xFFAD , 0x0000 , 0x0000 ,
    0x0000 , 0x072C , 0x0000 , 0x0000 , 0x0000 , 0x0000 , 0x0000 , 0xFFCE ,
    0x0068 , 0x6A6E , 0x05C1 , 0xFFD2 , 0x0074 , 0x0002 , 0xFFD0 , S(7A6F),
    0x0000 , 0x0002 , 0xFFCD , S(656C), 0x000D , 0x6F61 , 0xFFF6 , 0x0000 ,
    0x0000 , 0x0000 , 0x0000 , 0x0000 , 0x0000 , 0x0000 , 0x05D1 , 0x0000 ,
    0x0000 , 0x0000 , 0x0000 , 0x0000 , 0xFFF4 , 0x0000 , 0x6F61 , 0xFFCB ,
    0x0000 , 0x0000 , 0xFFCA , 0xFFC9 , 0x0000 , 0x0000 , 0x0000 , 0x0000 ,
    0x0000 , 0x0000 , 0x0000 , 0x0000 , 0x0000 , 0xFFC8 , 0x0000 , 0x6F61 ,
    0x05F1 , 0x0000 , 0x0000 , 0x0000 , 0xFFC7 , 0x0000 , 0x0000 , 0x0000 ,
    0xFFC6 , 0x0000 , 0x0000 , 0x0000 , 0x0000 , 0x0000 , 0xFF85 , 0x0000 ,
    0xA161 , 0x07AA , 0x0000 , 0x0000 , 0x0000 , 0xFFBA , 0x0000 , 0x0000 ,
    0x0000 , 0x0259 , 0x0000 , 0x0000 , 0x0000 , 0x0000 , 0x0000 , 0x0000 ,
    0x0000 , 0x0000 , 0x0000 , 0x07B1 , 0x0000 , 0x0000 , 0x0000 , 0x0000 ,
    0x0000 , 0x0000 , 0x0000 , 0x0000 , 0x0000 , 0x0000 , 0x0000 , 0x0000 ,
    0x0000 , 0x0000 , 0x0000 , 0x0000 , 0x0000 , 0x0000 , 0x0000 , 0x0000 ,
    0x0000 , 0x0000 , 0x0000 , 0x0000 , 0x0000 , 0x0000 , 0x0000 , 0x0000 ,
    0x0000 , 0x0000 , 0x0000 , 0x0000 , 0x0000 , 0x0000 , 0x0000 , 0x0000 ,
    0x0000 , 0x0000 , 0x0000 , 0x0000 , 0x0000 , 0x0000 , 0x0000 , 0x0000 ,
    0x0000 , 0x07C2 , 0x0078 , 0x6B6C , 0x07AE , 0xFFBB , 0x0000 , 0x6969 ,
    0xFFBC , 0x0000 , 0x6F61 , 0xFFA2 , 0x0000 , 0x0000 , 0x0000 , 0xFFB9 ,
    0x0000 , 0x0000 , 0x0000 , 0xFFB8 , 0x0000 , 0xFFB7 , 0x0000 , 0x0000 ,
    0x0000 , 0xFFB6 , 0x0000 , 0x0002 , 0xFFB5 , S(C569), 0x0000 , 0x7461 ,
    0xFFB3 , 0x0000 , 0x0000 , 0x0000 , 0x07DC , 0x0000 , 0x0000 , 0x0000 ,
    0xFFB1 , 0x0000 , 0x0000 , 0x0000 , 0x0000 , 0x0000 , 0x07E0 , 0x0000 ,
    0x0000 , 0x0000 , 0x0000 , 0x07F3 , 0x004E , 0x0002 , 0x051F , S(6A61),
    0x0050 , 0x6E67 , 0x07EA , 0x0000 , 0x0000 , 0x0000 , 0x0000 , 0x07ED ,
    0xFFAF , 0x07F0 , 0x0014 , 0x7575 , 0xFFEF , 0x0052 , 0x6F6F , 0xFFCF ,
    0x0000 , 0x6F6F , 0xFFF4 , 0x0000 , 0x73A1 , 0xFFFD , 0x07F7 , 0x0000 ,
    0xC5C5 , 0xFFFC , 0x0000 , 0xC5C5 , 0x07FD , 0x0000 , 0x6F61 , 0x0632 ,
    0x0000 , 0x0000 , 0x0000 , 0xFFBE , 0x0000 , 0x0000 , 0x0000 , 0xFFBD ,
    0x0000 , 0x0000 , 0x0000 , 0x0000 , 0x0000 , 0xFFA5 , 0x000D , 0x6F61 ,
    0x081F , 0x0000 , 0x0000 , 0x0000 , 0x0866 , 0x0000 , 0x0000 , 0x0000 ,
    0x0875 , 0x0000 , 0x0000 , 0x0000 , 0x0000 , 0x0000 , 0xFFF4 , 0x000A ,
    0x8D63 , 0x0401 , 0x0000 , 0x0000 , 0x0000 , 0x0000 , 0x0000 , 0x0000 ,
    0x0000 , 0x0000 , 0x0000 , 0x0000 , 0x0000 , 0x0000 , 0x0000 , 0x0000 ,
    0x084C , 0x0000 , 0xFF8F , 0x0000 , 0x084F , 0x0000 , 0x0000 , 0x0000 ,
    0x0000 , 0x0000 , 0x0000 , 0x0000 , 0x0000 , 0x0000 , 0x0000 , 0x0000 ,
    0x0000 , 0x0000 , 0x0000 , 0x0000 , 0x0000 , 0x0000 , 0x0000 , 0x0000 ,
    0x0000 , 0x0000 , 0x0000 , 0x045B , 0x0000 , 0x7575 , 0xFF97 , 0x0000 ,
    0x7561 , 0xFF9F , 0x0000 , 0x0000 , 0x0000 , 0xFFA0 , 0x0000 , 0x0000 ,
    0x0000 , 0xFF9E , 0x0000 , 0x0000 , 0x0000 , 0x0000 , 0x0000 , 0x0000 ,
    0x0000 , 0x0000 , 0x0000 , 0x0000 , 0x0000 , 0xFF9D , 0x0000 , 0x638D ,
    0x086A , 0x086E , 0x0000 , 0x6175 , 0xFF84 , 0x04A4 , 0x0000 , 0xC4C4 ,
    0x0871 , 0x0000 , 0x6175 , 0xFF9B , 0x04BE , 0x000B , 0x8D63 , 0xFF77 ,
    0x0000 , 0x0000 , 0x0000 , 0x0000 , 0x0000 , 0x0000 , 0x0000 , 0x0000 ,
    0x0000 , 0x0000 , 0x08A2 , 0x0000 , 0x0000 , 0x0000 , 0x0000 , 0x0000 ,
    0x0000 , 0x0000 , 0x0000 , 0x0000 , 0x0000 , 0x0000 , 0x0000 , 0x0000 ,
    0x0000 , 0x0000 , 0x0000 , 0x0000 , 0x0000 , 0x0000 , 0x0000 , 0x0000 ,
    0x0000 , 0x0000 , 0x0000 , 0x0000 , 0x0000 , 0x0000 , 0x0000 , 0x0000 ,
    0x0000 , 0x02C4 , 0x0000 , 0x6161 , 0xFFF6 , 0x0000 , 0xA161 , 0x08E8 ,
    0x0000 , 0x0000 , 0x0000 , 0xFFBA , 0x0000 , 0x0000 , 0x0000 , 0x0259 ,
    0x0000 , 0x0000 , 0x0000 , 0x0000 , 0x0000 , 0x0000 , 0x0000 , 0x0000 ,
    0x0000 , 0x07B1 , 0x0000 , 0x04C9 , 0x0000 , 0x0000 , 0x0000 , 0x0000 ,
    0x0000 , 0x0000 , 0x0000 , 0x0000 , 0x0000 , 0x0000 , 0x0000 , 0x0000 ,
    0x0000 , 0x0000 , 0x0000 , 0x0000 , 0x0000 , 0x0000 , 0x0000 , 0x0000 ,
    0x0000 , 0x0000 , 0x0000 , 0x0000 , 0x0000 , 0x0000 , 0x0000 , 0x0000 ,
    0x0000 , 0x0000 , 0x0000 , 0x0000 , 0x0000 , 0x0000 , 0x0000 , 0x0000 ,
    0x0000 , 0x0000 , 0x0000 , 0x0000 , 0x0000 , 0x0000 , 0x0000 , 0x07C2 ,
    0x0078 , 0x6B6C , 0x07AE , 0xFFBB , 0x0000 , 0x7461 , 0xFFB3 , 0x0000 ,
    0x0000 , 0x0000 , 0x07DC , 0x0000 , 0x0000 , 0x0000 , 0xFFB1 , 0x0000 ,
    0x0000 , 0x0000 , 0x0000 , 0x0000 , 0x0902 , 0x0000 , 0x0000 , 0x0000 ,
    0x0000 , 0x090C , 0x0050 , 0x6E67 , 0x07EA , 0x0000 , 0x0000 , 0x0000 ,
    0x0000 , 0x07ED , 0xFFAF , 0x07F0 , 0x0000 , 0x73A1 , 0xFFFD , 0x07F7 ,
    0x0000 , 0xC5C5 , 0x07FD , 0x0000 , 0xA163 , 0x0954 , 0x096E , 0x0000 ,
    0x0000 , 0x0973 , 0x0000 , 0x0000 , 0x0977 , 0x01FA , 0x0A5A , 0x0AF9 ,
    0x0B52 , 0x0000 , 0x0000 , 0x0000 , 0x0745 , 0x0BC1 , 0x0C4E , 0x0000 ,
    0x0E42 , 0x0000 , 0x0000 , 0x0000 , 0x0000 , 0x0000 , 0x0000 , 0x0000 ,
    0x0000 , 0x0000 , 0x0000 , 0x0000 , 0x0000 , 0x0000 , 0x0000 , 0x0000 ,
    0x0000 , 0x02DC , 0x0000 , 0x0000 , 0x0000 , 0x0000 , 0x0000 , 0x0AF6 ,
    0x0000 , 0x0000 , 0x0000 , 0x0000 , 0x0000 , 0x0000 , 0x0000 , 0x0000 ,
    0x0000 , 0x0000 , 0x0000 , 0x0000 , 0x0000 , 0x0000 , 0x0000 , 0x0000 ,
    0x0000 , 0x0000 , 0x0000 , 0x0E53 , 0x0000 , 0x7561 , 0xFF84 , 0x0000 ,
    0x0000 , 0x0000 , 0xFF83 , 0x0000 , 0x0000 , 0x0000 , 0x0000 , 0x0000 ,
    0x0000 , 0x0000 , 0x0000 , 0x0000 , 0x0000 , 0x0000 , 0x0000 , 0x0000 ,
    0x0000 , 0x0000 , 0x096B , 0x007E , 0x6C6C , 0xFF87 , 0x0000 , 0x0003 ,
    0x0433 , S(7473), S(0061), 0x0014 , 0x6F75 , 0x0518 , 0xFFEE , 0x0000 ,
    0x7561 , 0x098E , 0x0000 , 0x0000 , 0x0000 , 0x0000 , 0x0000 , 0x0000 ,
    0x0000 , 0x09C2 , 0x0000 , 0x0000 , 0x0000 , 0x0000 , 0x01B7 , 0x0000 ,
    0x0000 , 0x0000 , 0x0000 , 0x0000 , 0x0000 , 0x0A21 , 0x0068 , 0x9163 ,
    0xFFE6 , 0x0000 , 0x0000 , 0x0000 , 0x0000 , 0x0000 , 0x0000 , 0x0000 ,
    0x0000 , 0xFFE2 , 0x0000 , 0x0000 , 0x0000 , 0x0000 , 0x0000 , 0xFFE1 ,
    0x0000 , 0x09BF , 0x0000 , 0x0000 , 0x0000 , 0x0000 , 0x0000 , 0x0000 ,
    0x0000 , 0x0000 , 0x0000 , 0x0000 , 0x0000 , 0x0000 , 0x0000 , 0x0000 ,
    0x0000 , 0x0000 , 0x0000 , 0x0000 , 0x0320 , 0x0000 , 0x0000 , 0x0000 ,
    0x0000 , 0x0000 , 0x0323 , 0x0000 , 0x0000 , 0x0000 , 0x0326 , 0x0000 ,
    0x7373 , 0x0418 , 0x0074 , 0xBE62 , 0xFFE0 , 0xFFDF , 0xFFDE , 0x0000 ,
    0xFFD8 , 0xFFD9 , 0x0000 , 0x0000 , 0x02B7 , 0x01FA , 0x06F9 , 0xFFDB ,
    0x06FC , 0x0000 , 0xFFD7 , 0x0000 , 0xFFD6 , 0x06FF , 0x0702 , 0x0000 ,
    0x01A2 , 0x0000 , 0x0000 , 0x0000 , 0xFFD3 , 0x0000 , 0x0000 , 0x0000 ,
    0x0000 , 0x0000 , 0x0000 , 0x0000 , 0x0000 , 0x0000 , 0x0000 , 0x0000 ,
    0x0000 , 0x0000 , 0x0000 , 0x0000 , 0x0000 , 0x0000 , 0x0000 , 0x0000 ,
    0x0000 , 0x0000 , 0x0000 , 0x0000 , 0x0000 , 0x0000 , 0x0000 , 0x0000 ,
    0x0000 , 0x0000 , 0x0000 , 0x0000 , 0x0000 , 0x0000 , 0x0000 , 0x0000 ,
    0x0000 , 0x0000 , 0x0000 , 0x01B3 , 0x0000 , 0x0000 , 0x0000 , 0x0000 ,
    0x0000 , 0x0000 , 0x0000 , 0x0000 , 0x0000 , 0x0000 , 0x0000 , 0x0000 ,
    0x0000 , 0x0000 , 0x0000 , 0x0000 , 0x0000 , 0x0000 , 0x0000 , 0x0000 ,
    0x0000 , 0x0000 , 0x0000 , 0x0000 , 0x0000 , 0x0000 , 0x0000 , 0x0000 ,
    0x03BA , 0x0019 , 0x8D63 , 0x0A4E , 0x0000 , 0x0000 , 0x0000 , 0x0000 ,
    0x0000 , 0x0000 , 0x0000 , 0x0000 , 0x0000 , 0x0000 , 0x0000 , 0x0000 ,
    0x0000 , 0x0000 , 0x0A52 , 0x0000 , 0x0000 , 0x0000 , 0x0000 , 0x0000 ,
    0x0000 , 0x0000 , 0x0000 , 0x0000 , 0x0000 , 0x0000 , 0x0000 , 0x0000 ,
    0x0000 , 0x0000 , 0x0000 , 0x0000 , 0x0000 , 0x0000 , 0x0000 , 0x0000 ,
    0x0000 , 0x0000 , 0x0000 , 0x0000 , 0x0000 , 0x0A55 , 0x0000 , 0x0002 ,
    0xFF87 , S(756C), 0x0000 , 0x6969 , 0xFF9C , 0x0000 , 0x0003 , 0xFF8B ,
    S(756C), S(00C4), 0x0000 , 0x7561 , 0x0A71 , 0x0000 , 0x0000 , 0x0000 ,
    0xFFAD , 0x0000 , 0x0000 , 0x0000 , 0x0AB5 , 0x0000 , 0x0000 , 0x0000 ,
    0x0000 , 0x0000 , 0xFFCE , 0x0000 , 0x0000 , 0x0000 , 0x04C6 , 0x0000 ,
    0x04C9 , 0x0068 , 0x8D63 , 0x0401 , 0x0000 , 0x0000 , 0x0000 , 0x0000 ,
    0x0000 , 0x0000 , 0x0A9E , 0x0000 , 0x0000 , 0x0000 , 0xFFD2 , 0x0000 ,
    0x0000 , 0x0000 , 0x042C , 0x0000 , 0x0AB2 , 0x0000 , 0x0444 , 0x0000 ,
    0x0000 , 0x0000 , 0x0000 , 0x0000 , 0x0000 , 0x0000 , 0x0000 , 0x0000 ,
    0x0000 , 0x0000 , 0x0000 , 0x0000 , 0x0000 , 0x0000 , 0x0000 , 0x0000 ,
    0x0000 , 0x0000 , 0x0000 , 0x0000 , 0x0000 , 0x045B , 0x0000 , 0x6E61 ,
    0x0AAE , 0x0000 , 0x0000 , 0x0000 , 0x0000 , 0x0000 , 0x0000 , 0x0000 ,
    0xFFD1 , 0x0000 , 0x0000 , 0x0000 , 0x0000 , 0x0429 , 0x0000 , 0x0002 ,
    0x0418 , S(7473), 0x0071 , 0x7373 , 0x0433 , 0x0074 , 0xA163 , 0x086A ,
    0x0000 , 0x0000 , 0x0000 , 0x0000 , 0x0000 , 0x0000 , 0x0000 , 0x0000 ,
    0x0000 , 0x0000 , 0xFF99 , 0x0000 , 0x0000 , 0x0000 , 0x0000 , 0x04AC ,
    0x04B0 , 0x0000 , 0x0000 , 0x0000 , 0x0000 , 0x0000 , 0x04B4 , 0x0000 ,
    0x0000 , 0x0000 , 0x0000 , 0x0000 , 0x0000 , 0x0000 , 0x0000 , 0x0000 ,
    0x0000 , 0x0000 , 0x0000 , 0x0000 , 0x0000 , 0x0000 , 0x0000 , 0x0000 ,
    0x0000 , 0x0AF6 , 0x0000 , 0x0000 , 0x0000 , 0x0000 , 0x0000 , 0x0000 ,
    0x0000 , 0x0000 , 0x0000 , 0x0000 , 0x0000 , 0x0000 , 0x0000 , 0x0000 ,
    0x0000 , 0x0000 , 0x0000 , 0x0000 , 0x0000 , 0x04C1 , 0x0000 , 0xC4C4 ,
    0x0871 , 0x0000 , 0x6F61 , 0x05C8 , 0x0000 , 0x0000 , 0x0000 , 0x05CB ,
    0x0000 , 0x0000 , 0x0000 , 0x0000 , 0x0000 , 0x0000 , 0x0000 , 0x0000 ,
    0x0000 , 0x0B0A , 0x0000 , 0xA163 , 0x0084 , 0x0000 , 0x0000 , 0x0000 ,
    0x0000 , 0x0000 , 0x0000 , 0x02B7 , 0x01FA , 0x017D , 0x0000 , 0x0B4B ,
    0x0000 , 0x0000 , 0x0000 , 0x0000 , 0x0180 , 0x02C7 , 0x0000 , 0x01A2 ,
    0x0000 , 0x0000 , 0x0000 , 0x0000 , 0x0000 , 0x0000 , 0x0000 , 0x0000 ,
    0x0000 , 0x0000 , 0x0000 , 0x0000 , 0x0000 , 0x0000 , 0x0000 , 0x0000 ,
    0x02DC , 0x0000 , 0x0000 , 0x0000 , 0x0000 , 0x0000 , 0x0000 , 0x0000 ,
    0x0000 , 0x0000 , 0x0000 , 0x0000 , 0x0000 , 0x0000 , 0x0000 , 0x0000 ,
    0x0000 , 0x0000 , 0x0000 , 0x0000 , 0x0000 , 0x0000 , 0x0000 , 0x0000 ,
    0x0000 , 0x0000 , 0x01B3 , 0x000D , 0x6969 , 0x0B4E , 0x0000 , 0x638D ,
    0xFF77 , 0x02C4 , 0x000D , 0x6F61 , 0x0B63 , 0x0000 , 0x0000 , 0x0000 ,
    0x0B90 , 0x0000 , 0x0000 , 0x0000 , 0x0B94 , 0x0000 , 0x0000 , 0x0000 ,
    0x0000 , 0x0000 , 0xFFF4 , 0x000A , 0x8D63 , 0x0401 , 0x0000 , 0x0000 ,
    0x0000 , 0x0000 , 0x0000 , 0x0000 , 0x0000 , 0x0000 , 0x0000 , 0x0000 ,
    0x0000 , 0x0000 , 0x0000 , 0x0000 , 0x084C , 0x0000 , 0x0AB2 , 0x0000 ,
    0x084F , 0x0000 , 0x0000 , 0x0000 , 0x0000 , 0x0000 , 0x0000 , 0x0000 ,
    0x0000 , 0x0000 , 0x0000 , 0x0000 , 0x0000 , 0x0000 , 0x0000 , 0x0000 ,
    0x0000 , 0x0000 , 0x0000 , 0x0000 , 0x0000 , 0x0000 , 0x0000 , 0x045B ,
    0x0000 , 0x638D , 0x086A , 0x0AF6 , 0x000B , 0x8D63 , 0xFF77 , 0x0000 ,
    0x0000 , 0x0000 , 0x0000 , 0x0000 , 0x0000 , 0x0000 , 0x0000 , 0x0000 ,
    0x0000 , 0x08A2 , 0x0000 , 0x0000 , 0x0000 , 0x0000 , 0x0000 , 0x0000 ,
    0x0000 , 0x0000 , 0x0000 , 0x0000 , 0x0000 , 0x0000 , 0x0000 , 0x0000 ,
    0x0000 , 0x0000 , 0x0000 , 0x0000 , 0x0000 , 0x0000 , 0x0000 , 0x0000 ,
    0x0000 , 0x0000 , 0x0000 , 0x0000 , 0x0000 , 0x0000 , 0x0000 , 0x0000 ,
    0x02C4 , 0x0000 , 0x6F61 , 0x0BD2 , 0x0000 , 0x0000 , 0x0000 , 0xFFC7 ,
    0x0000 , 0x0000 , 0x0000 , 0x0C20 , 0x0000 , 0x0000 , 0x0000 , 0x0000 ,
    0x0000 , 0x0C38 , 0x00A1 , 0x7662 , 0xFF79 , 0x0401 , 0x0000 , 0x0000 ,
    0x0000 , 0xFF7D , 0x0000 , 0x0000 , 0x0BE9 , 0xFF7B , 0x0000 , 0x0000 ,
    0xFF7C , 0x0000 , 0x0000 , 0x0000 , 0x0C05 , 0x0000 , 0xFF7E , 0x0000 ,
    0x0C09 , 0x0081 , 0x616E , 0x0BED , 0x0C02 , 0x0000 , 0x0002 , 0x0BF1 ,
    S(7473), 0x0000 , 0x6F61 , 0xFF76 , 0x0000 , 0x0000 , 0x0000 , 0x0000 ,
    0x0000 , 0x0000 , 0x0000 , 0xFF75 , 0x0000 , 0x0000 , 0x0000 , 0x0000 ,
    0x0000 , 0xFF74 , 0x0000 , 0x6969 , 0xFF6A , 0x0000 , 0x6975 , 0xFF65 ,
    0xFF64 , 0x0086 , 0x7561 , 0xFF70 , 0x0000 , 0x0000 , 0x0000 , 0xFF6F ,
    0x0000 , 0x0000 , 0x0000 , 0xFF6E , 0x0000 , 0x0000 , 0x0000 , 0x0000 ,
    0x0000 , 0xFF6C , 0x0000 , 0x0000 , 0x0000 , 0x0000 , 0x0000 , 0xFF6D ,
    0x003A , 0x7463 , 0x086A , 0x0000 , 0x0000 , 0x0000 , 0x0000 , 0x0000 ,
    0x0000 , 0x0000 , 0x0000 , 0x0000 , 0x0000 , 0x0000 , 0x0000 , 0x0000 ,
    0x0000 , 0x0000 , 0x04AC , 0x0C34 , 0x0000 , 0x0002 , 0xFF6B , S(656A),
    0x007B , 0x0004 , 0x0C3D , S(7473), S(6461), 0x0000 , 0x6F61 , 0xFF73 ,
    0x0000 , 0x0000 , 0x0000 , 0x0000 , 0x0000 , 0x0000 , 0x0000 , 0xFF72 ,
    0x0000 , 0x0000 , 0x0000 , 0x0000 , 0x0000 , 0xFF71 , 0x0000 , 0xA161 ,
    0x0C91 , 0x0000 , 0x0000 , 0x0000 , 0x0CBE , 0x0000 , 0x0000 , 0x0000 ,
    0x0D1E , 0x0D66 , 0x0000 , 0x0000 , 0x0000 , 0x0000 , 0x0000 , 0x0000 ,
    0x0000 , 0x0000 , 0x0DB4 , 0x0000 , 0x0000 , 0x0000 , 0x0000 , 0x0000 ,
    0x0000 , 0x0000 , 0x0000 , 0x0000 , 0x0000 , 0x0000 , 0x0000 , 0x0000 ,
    0x0000 , 0x0000 , 0x0000 , 0x0000 , 0x0000 , 0x0000 , 0x0000 , 0x0000 ,
    0x0000 , 0x0000 , 0x0000 , 0x0000 , 0x0000 , 0x0000 , 0x0000 , 0x0000 ,
    0x0000 , 0x0000 , 0x0000 , 0x0000 , 0x0000 , 0x0000 , 0x0000 , 0x0000 ,
    0x0000 , 0x0000 , 0x0000 , 0x0000 , 0x0000 , 0x0000 , 0x0000 , 0x0000 ,
    0x07C2 , 0x0068 , 0x8D63 , 0x0401 , 0x0000 , 0x0000 , 0x0000 , 0x0000 ,
    0x0000 , 0x0000 , 0x0000 , 0x07AE , 0xFFBB , 0x0000 , 0x0000 , 0x0000 ,
    0x0000 , 0x0000 , 0x042C , 0x0000 , 0xFF8F , 0x0000 , 0x084F , 0x0000 ,
    0x0000 , 0x0000 , 0x0000 , 0x0000 , 0x0000 , 0x0000 , 0x0000 , 0x0000 ,
    0x0000 , 0x0000 , 0x0000 , 0x0000 , 0x0000 , 0x0000 , 0x0000 , 0x0000 ,
    0x0000 , 0x0000 , 0x0000 , 0x0000 , 0x0000 , 0x045B , 0x0046 , 0x7464 ,
    0x096E , 0x0000 , 0x0000 , 0x0000 , 0x0000 , 0x0000 , 0x0CD1 , 0x0000 ,
    0x0000 , 0x0000 , 0x0D15 , 0x0000 , 0x0000 , 0x0000 , 0x0000 , 0x0000 ,
    0x0D1A , 0x0000 , 0x7561 , 0x0AAE , 0x0000 , 0x0000 , 0x0000 , 0x0000 ,
    0x0000 , 0x0000 , 0x0000 , 0xFF8C , 0x0000 , 0x0000 , 0x0000 , 0x0000 ,
    0x0429 , 0x0000 , 0x0000 , 0x0000 , 0x0000 , 0x0000 , 0x0000 , 0x0CE8 ,
    0x0019 , 0x8D63 , 0x0A4E , 0x0000 , 0x0000 , 0x0000 , 0x0000 , 0x0000 ,
    0x0000 , 0x0000 , 0x0000 , 0x0000 , 0x0000 , 0x0000 , 0x0000 , 0x0000 ,
    0x0000 , 0x0A52 , 0x0000 , 0x0000 , 0x0000 , 0x0000 , 0x0000 , 0x0000 ,
    0x0000 , 0x0000 , 0x0000 , 0x0000 , 0x0000 , 0x0000 , 0x0000 , 0x0000 ,
    0x0000 , 0x0000 , 0x0000 , 0x0000 , 0x0000 , 0x0000 , 0x0000 , 0x0000 ,
    0x0000 , 0x0000 , 0x0000 , 0x0000 , 0x0A55 , 0x000D , 0x0003 , 0x0433 ,
    S(7473), S(0061), 0x0000 , 0x0002 , 0xFF8D , S(7361), 0x0074 , 0xA163 ,
    0x086A , 0x0000 , 0x0000 , 0x0000 , 0x0000 , 0x0000 , 0x0000 , 0x0000 ,
    0x0000 , 0x0000 , 0x0000 , 0x0D15 , 0x0000 , 0x0000 , 0x0000 , 0x0000 ,
    0x04AC , 0x0D5F , 0x0000 , 0x019B , 0x0000 , 0x0000 , 0x0000 , 0x0000 ,
    0x0000 , 0x0000 , 0x0000 , 0x0000 , 0x0000 , 0x0000 , 0x0000 , 0x0000 ,
    0x0000 , 0x0000 , 0x0000 , 0x0000 , 0x0000 , 0x0000 , 0x0000 , 0x0000 ,
    0x0000 , 0x0000 , 0x0AF6 , 0x0000 , 0x0000 , 0x0000 , 0x0000 , 0x0000 ,
    0x0000 , 0x0000 , 0x0000 , 0x0000 , 0x0000 , 0x0000 , 0x0000 , 0x0000 ,
    0x0000 , 0x0000 , 0x0000 , 0x0000 , 0x0000 , 0x0000 , 0x04C1 , 0x0000 ,
    0x6573 , 0x0D63 , 0x04C6 , 0x0000 , 0x6A6A , 0xFF8A , 0x0000 , 0x7561 ,
    0x0D7D , 0x0000 , 0x0000 , 0x0000 , 0x0000 , 0x0000 , 0x0000 , 0x0000 ,
    0xFF8C , 0x0000 , 0x0000 , 0x0000 , 0x0000 , 0x0000 , 0x0000 , 0x0000 ,
    0x0000 , 0x0000 , 0x0000 , 0x0000 , 0x0D87 , 0x0068 , 0x7672 , 0x084C ,
    0x0000 , 0x0D84 , 0x0000 , 0x084F , 0x0071 , 0x7373 , 0x0418 , 0x0000 ,
    0x8D63 , 0x0A4E , 0x0000 , 0x0000 , 0x0000 , 0x0000 , 0x0000 , 0x0000 ,
    0x0000 , 0x0000 , 0x0000 , 0x0000 , 0x0000 , 0x0000 , 0x0000 , 0x0000 ,
    0x0A52 , 0x0000 , 0x0000 , 0x0000 , 0x0000 , 0x0000 , 0x0000 , 0x0000 ,
    0x0000 , 0x0000 , 0x0000 , 0x0000 , 0x0000 , 0x0000 , 0x0000 , 0x0000 ,
    0x0000 , 0x0000 , 0x0000 , 0x0000 , 0x0000 , 0x0000 , 0x0000 , 0x0000 ,
    0x0000 , 0x0000 , 0x0000 , 0x0A55 , 0x0000 , 0x7561 , 0x0DCB , 0x0000 ,
    0x0000 , 0x0000 , 0xFFB9 , 0x0000 , 0x0000 , 0x0000 , 0x0DFC , 0x0000 ,
    0xFFB7 , 0x0000 , 0x0000 , 0x0000 , 0x0E3D , 0x0000 , 0x0000 , 0x0000 ,
    0x0000 , 0x0000 , 0x04C9 , 0x005E , 0x8D63 , 0x0401 , 0x0000 , 0x0000 ,
    0x0000 , 0x0000 , 0x0000 , 0x0000 , 0x0DF8 , 0x0000 , 0x0000 , 0x0000 ,
    0x0000 , 0x0000 , 0x0000 , 0x0000 , 0x042C , 0x0000 , 0xFF8F , 0x0000 ,
    0x0444 , 0x0000 , 0x0000 , 0x0000 , 0x0000 , 0x0000 , 0x0000 , 0x0000 ,
    0x0000 , 0x0000 , 0x0000 , 0x0000 , 0x0000 , 0x0000 , 0x0000 , 0x0000 ,
    0x0000 , 0x0000 , 0x0000 , 0x0000 , 0x0000 , 0x0000 , 0x0000 , 0x045B ,
    0x0000 , 0x616E , 0x0AAE , 0x0429 , 0x0048 , 0xA163 , 0x086A , 0x0000 ,
    0x0000 , 0x0000 , 0x0000 , 0x0000 , 0x0000 , 0x0000 , 0x0000 , 0x0000 ,
    0x0000 , 0xFF99 , 0x0000 , 0x0000 , 0x0000 , 0x0000 , 0x04AC , 0x04B0 ,
    0x0000 , 0x0000 , 0x0000 , 0x0000 , 0x0000 , 0x0000 , 0x0000 , 0x0000 ,
    0x0000 , 0x0000 , 0x0000 , 0x0000 , 0x0000 , 0x0000 , 0x0000 , 0x0000 ,
    0x0000 , 0x0000 , 0x0000 , 0x0000 , 0x0000 , 0x0000 , 0x0000 , 0x0000 ,
    0x0AF6 , 0x0000 , 0x0000 , 0x0000 , 0x0000 , 0x0000 , 0x0000 , 0x0000 ,
    0x0000 , 0x0000 , 0x0000 , 0x0000 , 0x0000 , 0x0000 , 0x0000 , 0x0000 ,
    0x0000 , 0x0000 , 0x0000 , 0x0000 , 0x04C1 , 0x004A , 0x0004 , 0x0433 ,
    S(7473), S(6461), 0x0000 , 0x6F61 , 0xFFB3 , 0x0000 , 0x0000 , 0x0000 ,
    0x07DC , 0x0000 , 0x0000 , 0x0000 , 0xFFB1 , 0x0000 , 0x0000 , 0x0000 ,
    0x0000 , 0x0000 , 0x0902 , 0x0000 , 0xC5C5 , 0x0E56 , 0x0000 , 0x6F61 ,
    0x0E67 , 0x0000 , 0x0000 , 0x0000 , 0xFFBE , 0x0000 , 0x0000 , 0x0000 ,
    0x0EB0 , 0x0000 , 0x0000 , 0x0000 , 0x0000 , 0x0000 , 0x0EE0 , 0x0068 ,
    0x8D62 , 0xFFC1 , 0x0000 , 0x0000 , 0x0000 , 0x0000 , 0xFFC0 , 0x0000 ,
    0x0000 , 0x0E95 , 0xFFC2 , 0x0000 , 0x0000 , 0xFFC4 , 0x0000 , 0x0000 ,
    0x0000 , 0x042C , 0x0000 , 0xFFC5 , 0x0000 , 0x0E99 , 0x0000 , 0x0000 ,
    0x0000 , 0x0000 , 0x0000 , 0x0000 , 0x0000 , 0x0000 , 0x0000 , 0x0000 ,
    0x0000 , 0x0000 , 0x0000 , 0x0000 , 0x0000 , 0x0000 , 0x0000 , 0x0000 ,
    0x0000 , 0x0000 , 0x0000 , 0x0000 , 0x045B , 0x003D , 0x616E , 0x0AAE ,
    0x0429 , 0x0041 , 0x7561 , 0xFF9F , 0x0000 , 0x0000 , 0x0000 , 0xFFA0 ,
    0x0000 , 0x0000 , 0x0000 , 0xFF9E , 0x0000 , 0x0000 , 0x0000 , 0x0000 ,
    0x0000 , 0xFFB4 , 0x0000 , 0x0000 , 0x0000 , 0x0000 , 0x0000 , 0xFF9D ,
    0x0043 , 0xA174 , 0x04B0 , 0x0000 , 0x0000 , 0x0000 , 0x0000 , 0x0000 ,
    0x0000 , 0x0000 , 0x0000 , 0x0000 , 0x0000 , 0x0000 , 0x0000 , 0x0000 ,
    0x0000 , 0x0000 , 0x0000 , 0x0000 , 0x0000 , 0x0000 , 0x0000 , 0x0000 ,
    0x0000 , 0x0000 , 0x0000 , 0x0AF6 , 0x0000 , 0x0000 , 0x0000 , 0x0000 ,
    0x0000 , 0x0000 , 0x0000 , 0x0000 , 0x0000 , 0x0000 , 0x0000 , 0x0000 ,
    0x0000 , 0x0000 , 0x0000 , 0x0000 , 0x0000 , 0x0000 , 0x0000 , 0x04C1 ,
    0x005B , 0x0004 , 0x0433 , S(7473), S(6461), 0x0000 , 0x656F , 0x0EE9 ,
    0x0FAE , 0x0000 , 0xA163 , 0x0084 , 0x0000 , 0x0000 , 0x0000 , 0x0000 ,
    0x0000 , 0x0000 , 0x0F2A , 0xFFA1 , 0x017D , 0x0000 , 0x0F68 , 0x0000 ,
    0x0000 , 0x0000 , 0x0000 , 0x0180 , 0x0FAB , 0x0000 , 0x01A2 , 0x0000 ,
    0x0000 , 0x0000 , 0x0000 , 0x0000 , 0x0000 , 0x0000 , 0x0000 , 0x0000 ,
    0x0000 , 0x0000 , 0x0000 , 0x0000 , 0x0000 , 0x0000 , 0x0000 , 0x02DC ,
    0x0000 , 0x0000 , 0x0000 , 0x0000 , 0x0000 , 0x0000 , 0x0000 , 0x0000 ,
    0x0000 , 0x0000 , 0x0000 , 0x0000 , 0x0000 , 0x0000 , 0x0000 , 0x0000 ,
    0x0000 , 0x0000 , 0x0000 , 0x0000 , 0x0000 , 0x0000 , 0x0000 , 0x0000 ,
    0x0000 , 0x01B3 , 0x0000 , 0x696E , 0x0F2E , 0x01B7 , 0x0000 , 0xA16A ,
    0x02B7 , 0x01FA , 0x017D , 0x0000 , 0xFFF3 , 0x0000 , 0x0000 , 0x0000 ,
    0x0000 , 0x0180 , 0x02C7 , 0x0000 , 0x01A2 , 0x0000 , 0x0000 , 0x0000 ,
    0x0000 , 0x0000 , 0x0000 , 0x0000 , 0x0000 , 0x0000 , 0x0000 , 0x0000 ,
    0x0000 , 0x0000 , 0x0000 , 0x0000 , 0x0000 , 0x0000 , 0x0000 , 0x0000 ,
    0x0000 , 0x0000 , 0x0000 , 0x0000 , 0x0000 , 0x0000 , 0x0000 , 0x0000 ,
    0x0000 , 0x0000 , 0x0000 , 0x0000 , 0x0000 , 0x0000 , 0x0000 , 0x0000 ,
    0x0000 , 0x0000 , 0x0000 , 0x0000 , 0x0000 , 0x0000 , 0x0000 , 0x01B3 ,
    0x000D , 0xA161 , 0xFFF6 , 0x0000 , 0x0000 , 0x0000 , 0xFFA9 , 0x0000 ,
    0x0000 , 0x0000 , 0x0000 , 0x0000 , 0x0000 , 0x0000 , 0x0000 , 0x0000 ,
    0x0000 , 0x0000 , 0x0000 , 0x0000 , 0xFF61 , 0x0000 , 0x0000 , 0x0000 ,
    0x0000 , 0x0000 , 0x0000 , 0x0000 , 0x0000 , 0x0000 , 0x0000 , 0x0000 ,
    0x0000 , 0x0000 , 0x0000 , 0x0000 , 0x0000 , 0x0000 , 0x0000 , 0x0000 ,
    0x0000 , 0x0000 , 0x0000 , 0x0000 , 0x0000 , 0x0000 , 0x0000 , 0x0000 ,
    0x0000 , 0x0000 , 0x0000 , 0x0000 , 0x0000 , 0x0000 , 0x0000 , 0x0000 ,
    0x0000 , 0x0000 , 0x0000 , 0x0000 , 0x0000 , 0x0000 , 0x0000 , 0x0000 ,
    0x0000 , 0x0000 , 0x0241 , 0x0000 , 0x6161 , 0xFF88 , 0x0000 , 0xA163 ,
    0x0084 , 0x0000 , 0x0000 , 0x0000 , 0x0000 , 0x0000 , 0x0000 , 0x02B7 ,
    0x01FA , 0x017D , 0x0000 , 0x0FEF , 0x0000 , 0x0000 , 0x0000 , 0x0000 ,
    0x0180 , 0x02C7 , 0x0000 , 0x01A2 , 0x0000 , 0x0000 , 0x0000 , 0x0000 ,
    0x0000 , 0x0000 , 0x0000 , 0x0000 , 0x0000 , 0x0000 , 0x0000 , 0x0000 ,
    0x0000 , 0x0000 , 0x0000 , 0x0000 , 0x02DC , 0x0000 , 0x0000 , 0x0000 ,
    0x0000 , 0x0000 , 0x0000 , 0x0000 , 0x0000 , 0x0000 , 0x0000 , 0x0000 ,
    0x0000 , 0x0000 , 0x0000 , 0x0000 , 0x0000 , 0x0000 , 0x0000 , 0x0000 ,
    0x0000 , 0x0000 , 0x0000 , 0x0000 , 0x0000 , 0x0000 , 0x01B3 , 0x000D ,
    0x6969 , 0x0B4E , 0x0000 , 0x7561 , 0x1009 , 0x0000 , 0x0000 , 0x0000 ,
    0x0000 , 0x0000 , 0x0000 , 0x0000 , 0x1036 , 0x0000 , 0x0000 , 0x0000 ,
    0x0000 , 0x0000 , 0x10B4 , 0x0000 , 0x0000 , 0x0000 , 0x0000 , 0x0000 ,
    0x10B9 , 0x0068 , 0x8D63 , 0x0401 , 0x0000 , 0x0000 , 0x0000 , 0x0000 ,
    0x0000 , 0x0000 , 0x0DF8 , 0x0000 , 0x0000 , 0x0000 , 0x0000 , 0x0000 ,
    0x0000 , 0x0000 , 0x042C , 0x0000 , 0xFF8F , 0x0000 , 0x0444 , 0x0000 ,
    0x0000 , 0x0000 , 0x0000 , 0x0000 , 0x0000 , 0x0000 , 0x0000 , 0x0000 ,
    0x0000 , 0x0000 , 0x0000 , 0x0000 , 0x0000 , 0x0000 , 0x0000 , 0x0000 ,
    0x0000 , 0x0000 , 0x0000 , 0x0000 , 0x0000 , 0x045B , 0x0074 , 0xA163 ,
    0x1077 , 0x0000 , 0x0000 , 0x0000 , 0x0000 , 0x0000 , 0x0000 , 0x108E ,
    0x01FA , 0x017D , 0x0000 , 0x0FEF , 0x0000 , 0x0000 , 0x0000 , 0x0000 ,
    0x1092 , 0x1098 , 0x0000 , 0x01A2 , 0x0000 , 0x0000 , 0x0000 , 0x0000 ,
    0x0000 , 0x0000 , 0x0000 , 0x0000 , 0x0000 , 0x0000 , 0x0000 , 0x0000 ,
    0x0000 , 0x0000 , 0x0000 , 0x0000 , 0x02DC , 0x0000 , 0x0000 , 0x0000 ,
    0x0000 , 0x0000 , 0x0AF6 , 0x0000 , 0x0000 , 0x0000 , 0x0000 , 0x0000 ,
    0x0000 , 0x0000 , 0x0000 , 0x0000 , 0x0000 , 0x0000 , 0x0000 , 0x0000 ,
    0x0000 , 0x0000 , 0x0000 , 0x0000 , 0x0000 , 0x0000 , 0x10AD , 0x0000 ,
    0x7561 , 0xFF84 , 0x0000 , 0x0000 , 0x0000 , 0xFF83 , 0x0000 , 0x0000 ,
    0x0000 , 0x0000 , 0x0000 , 0x0000 , 0x0000 , 0x0000 , 0x0000 , 0x0000 ,
    0x0000 , 0x0000 , 0x0000 , 0x0000 , 0x0000 , 0x096B , 0x0000 , 0x696E ,
    0x0F2E , 0x01B7 , 0x0000 , 0x6F6F , 0x1095 , 0x007B , 0x7272 , 0xFF81 ,
    0x0000 , 0x7361 , 0xFF88 , 0x0000 , 0x0000 , 0x0000 , 0x0D63 , 0x0000 ,
    0x0000 , 0x0000 , 0x0259 , 0x0000 , 0x0000 , 0x0000 , 0x0000 , 0x0000 ,
    0x0000 , 0x0000 , 0x0000 , 0x0000 , 0x019F , 0x0000 , 0x0002 , 0x10B1 ,
    S(C56F), 0x005B , 0x7272 , 0xFFA6 , 0x0000 , 0x0004 , 0x0433 , S(7473),
    S(6461), 0x0000 , 0x6387 , 0x0084 , 0x02DC , 0x0000 , 0xA163 , 0x10FE ,
    0x0000 , 0x0000 , 0x0000 , 0x115C , 0x0000 , 0x0000 , 0x115F , 0x01FA ,
    0x11CE , 0x1263 , 0x1267 , 0x0000 , 0x0000 , 0x0000 , 0x0745 , 0x12A5 ,
    0x12F3 , 0x0000 , 0x0E42 , 0x0000 , 0x0000 , 0x0000 , 0x0000 , 0x0000 ,
    0x0000 , 0x0000 , 0x0000 , 0x0000 , 0x0000 , 0x0000 , 0x0000 , 0x0000 ,
    0x0000 , 0x0000 , 0x0000 , 0x1378 , 0x0000 , 0x0000 , 0x0000 , 0x0000 ,
    0x0000 , 0x0AF6 , 0x0000 , 0x0000 , 0x0000 , 0x0000 , 0x0000 , 0x0000 ,
    0x0000 , 0x0000 , 0x0000 , 0x0000 , 0x0000 , 0x0000 , 0x0000 , 0x0000 ,
    0x0000 , 0x0000 , 0x0000 , 0x0000 , 0x0000 , 0x13A7 , 0x0000 , 0x7561 ,
    0xFF84 , 0x0000 , 0x0000 , 0x0000 , 0x1115 , 0x0000 , 0x0000 , 0x0000 ,
    0x0000 , 0x0000 , 0x0000 , 0x0000 , 0x0000 , 0x0000 , 0x0000 , 0x0000 ,
    0x0000 , 0x0000 , 0x0000 , 0x0000 , 0x111C , 0x0000 , 0x6369 , 0x1119 ,
    0xFF5E , 0x0000 , 0x6161 , 0xFF84 , 0x0000 , 0x746A , 0x1129 , 0x0000 ,
    0xFF87 , 0x0000 , 0xFF5C , 0x0000 , 0x0000 , 0x0000 , 0x0000 , 0x0000 ,
    0x1155 , 0x0000 , 0x6175 , 0x112D , 0x114E , 0x00A1 , 0x7672 , 0x0C05 ,
    0x0000 , 0x1134 , 0x0000 , 0x1137 , 0x0000 , 0x7373 , 0x0BF1 , 0x0000 ,
    0x7561 , 0xFF70 , 0x0000 , 0x0000 , 0x0000 , 0xFF6F , 0x0000 , 0x0000 ,
    0x0000 , 0xFF6E , 0x0000 , 0x0000 , 0x0000 , 0x0000 , 0x0000 , 0x0000 ,
    0x0000 , 0x0000 , 0x0000 , 0x0000 , 0x0000 , 0xFF6D , 0x009D , 0x6372 ,
    0x0A4E , 0x1152 , 0x0000 , 0x6969 , 0xFF65 , 0x0000 , 0x6573 , 0xFF67 ,
    0x1159 , 0x0000 , 0x6161 , 0xFF78 , 0x0014 , 0x7575 , 0xFFEE , 0x0000 ,
    0x6E61 , 0x051F , 0x0000 , 0x0000 , 0x0000 , 0x0000 , 0x0000 , 0x0000 ,
    0x0000 , 0x116F , 0x0000 , 0x0000 , 0x0000 , 0x0000 , 0x01B7 , 0x0000 ,
    0xBE62 , 0xFFE0 , 0xFFDF , 0xFFDE , 0x0000 , 0xFFD8 , 0xFFD9 , 0x0000 ,
    0x0000 , 0x02B7 , 0x01FA , 0x06F9 , 0xFFDB , 0x06FC , 0x0000 , 0xFFD7 ,
    0x0000 , 0xFFD6 , 0x06FF , 0x0702 , 0x0000 , 0x01A2 , 0x0000 , 0x0000 ,
    0x0000 , 0xFFD3 , 0x0000 , 0x0000 , 0x0000 , 0x0000 , 0x0000 , 0x0000 ,
    0x0000 , 0x0000 , 0x0000 , 0x0000 , 0x0000 , 0x0000 , 0x0000 , 0x0000 ,
    0x0000 , 0x0000 , 0x0000 , 0x0000 , 0x0000 , 0x0000 , 0x0000 , 0x0000 ,
    0x0000 , 0x0000 , 0x0000 , 0x0000 , 0x0000 , 0x0000 , 0x0000 , 0x0000 ,
    0x0000 , 0x0000 , 0x0000 , 0x0000 , 0x0000 , 0x0000 , 0x0000 , 0x0000 ,
    0x01B3 , 0x0000 , 0x0000 , 0x0000 , 0x0000 , 0x0000 , 0x0000 , 0x0000 ,
    0x0000 , 0x0000 , 0x0000 , 0x0000 , 0x0000 , 0x0000 , 0x0000 , 0x0000 ,
    0x0000 , 0x0000 , 0x0000 , 0x0000 , 0x0000 , 0x0000 , 0x0000 , 0x0000 ,
    0x0000 , 0x0000 , 0x0000 , 0x0000 , 0x0000 , 0x03BA , 0x0000 , 0x7561 ,
    0x11E5 , 0x0000 , 0x0000 , 0x0000 , 0xFFAD , 0x0000 , 0x0000 , 0x0000 ,
    0x1222 , 0x0000 , 0x0000 , 0x0000 , 0x0000 , 0x0000 , 0xFFCE , 0x0000 ,
    0x0000 , 0x0000 , 0x04C6 , 0x0000 , 0x04C9 , 0x0068 , 0x8D63 , 0x0401 ,
    0x0000 , 0x0000 , 0x0000 , 0x0000 , 0x0000 , 0x0000 , 0x1212 , 0x0000 ,
    0x0000 , 0x0000 , 0xFFD2 , 0x0000 , 0x0000 , 0x0000 , 0x042C , 0x0000 ,
    0x0AB2 , 0x0000 , 0x0444 , 0x0000 , 0x0000 , 0x0000 , 0x0000 , 0x0000 ,
    0x0000 , 0x0000 , 0x0000 , 0x0000 , 0x0000 , 0x0000 , 0x0000 , 0x0000 ,
    0x0000 , 0x0000 , 0x0000 , 0x0000 , 0x0000 , 0x0000 , 0x0000 , 0x0000 ,
    0x0000 , 0x045B , 0x0000 , 0x6E61 , 0x0AAE , 0x0000 , 0x0000 , 0x0000 ,
    0x0000 , 0x0000 , 0x0000 , 0x0000 , 0xFFD1 , 0x0000 , 0x0000 , 0x0000 ,
    0x0000 , 0x0429 , 0x0074 , 0xA163 , 0x086A , 0x0000 , 0x0000 , 0x0000 ,
    0x0000 , 0x0000 , 0x0000 , 0x0000 , 0x0000 , 0x0000 , 0x0000 , 0xFF99 ,
    0x0000 , 0x0000 , 0x0000 , 0x0000 , 0x04AC , 0x04B0 , 0x0000 , 0x0000 ,
    0x0000 , 0x0000 , 0x0000 , 0x04B4 , 0x0000 , 0x0000 , 0x0000 , 0x0000 ,
    0x0000 , 0x0000 , 0x0000 , 0x0000 , 0x0000 , 0x0000 , 0x0000 , 0x0000 ,
    0x0000 , 0x0000 , 0x0000 , 0x0000 , 0x0000 , 0x0000 , 0x0AF6 , 0x0000 ,
    0x0000 , 0x0000 , 0x0000 , 0x0000 , 0x0000 , 0x0000 , 0x0000 , 0x0000 ,
    0x0000 , 0x0000 , 0x0000 , 0x0000 , 0x0000 , 0x0000 , 0x0000 , 0x0000 ,
    0x0000 , 0x0000 , 0x04C1 , 0x0000 , 0x6165 , 0x05C8 , 0x05CB , 0x000D ,
    0x6F61 , 0x1278 , 0x0000 , 0x0000 , 0x0000 , 0x0B90 , 0x0000 , 0x0000 ,
    0x0000 , 0x05D1 , 0x0000 , 0x0000 , 0x0000 , 0x0000 , 0x0000 , 0xFFF4 ,
    0x000A , 0x8D63 , 0x0401 , 0x0000 , 0x0000 , 0x0000 , 0x0000 , 0x0000 ,
    0x0000 , 0x0000 , 0x0000 , 0x0000 , 0x0000 , 0x0000 , 0x0000 , 0x0000 ,
    0x0000 , 0x084C , 0x0000 , 0xFF8F , 0x0000 , 0x084F , 0x0000 , 0x0000 ,
    0x0000 , 0x0000 , 0x0000 , 0x0000 , 0x0000 , 0x0000 , 0x0000 , 0x0000 ,
    0x0000 , 0x0000 , 0x0000 , 0x0000 , 0x0000 , 0x0000 , 0x0000 , 0x0000 ,
    0x0000 , 0x0000 , 0x0000 , 0x0000 , 0x045B , 0x0000 , 0x7661 , 0x05F1 ,
    0x0000 , 0x0000 , 0x0000 , 0xFF68 , 0x0000 , 0x0000 , 0x0000 , 0xFF66 ,
    0x0000 , 0x0000 , 0x0000 , 0x0000 , 0x0000 , 0xFF85 , 0x0000 , 0x0000 ,
    0x0000 , 0x0000 , 0x0000 , 0x0000 , 0x12BD , 0x0000 , 0x7561 , 0x12D4 ,
    0x0000 , 0x0000 , 0x0000 , 0x0000 , 0x0000 , 0x0000 , 0x0000 , 0x12EC ,
    0x0000 , 0x0000 , 0x0000 , 0x0000 , 0x0000 , 0x0000 , 0x0000 , 0x0000 ,
    0x0000 , 0x0000 , 0x0000 , 0x12F0 , 0x00A1 , 0x7463 , 0x0401 , 0x0000 ,
    0x0000 , 0x0000 , 0x0000 , 0x0000 , 0x0000 , 0x0000 , 0x0000 , 0x0000 ,
    0x0000 , 0x0000 , 0x0000 , 0x0000 , 0x0000 , 0x1152 , 0x0000 , 0x12E8 ,
    0x00A0 , 0x6573 , 0xFF67 , 0x0C3D , 0x00A2 , 0x6E73 , 0xFF62 , 0x04AC ,
    0x0000 , 0x6E6E , 0xFF5C , 0x0000 , 0x7561 , 0x130A , 0x0000 , 0x0000 ,
    0x0000 , 0xFFBA , 0x0000 , 0x0000 , 0x0000 , 0x1337 , 0x0000 , 0x0000 ,
    0x0000 , 0x0000 , 0x0000 , 0x0000 , 0x0000 , 0x0000 , 0x0000 , 0x07B1 ,
    0x0000 , 0x04C9 , 0x0068 , 0x8D63 , 0x0401 , 0x0000 , 0x0000 , 0x0000 ,
    0x0000 , 0x0000 , 0x0000 , 0x0DF8 , 0x07AE , 0xFFBB , 0x0000 , 0x0000 ,
    0x0000 , 0x0000 , 0x0000 , 0x042C , 0x0000 , 0x0AB2 , 0x0000 , 0x0444 ,
    0x0000 , 0x0000 , 0x0000 , 0x0000 , 0x0000 , 0x0000 , 0x0000 , 0x0000 ,
    0x0000 , 0x0000 , 0x0000 , 0x0000 , 0x0000 , 0x0000 , 0x0000 , 0x0000 ,
    0x0000 , 0x0000 , 0x0000 , 0x0000 , 0x0000 , 0x0000 , 0x045B , 0x0074 ,
    0xA163 , 0x086A , 0x0000 , 0x0000 , 0x0000 , 0x0000 , 0x0000 , 0x0000 ,
    0x0000 , 0x0000 , 0x0000 , 0x0000 , 0xFF99 , 0x0000 , 0x0000 , 0x0000 ,
    0x0000 , 0x04AC , 0x04B0 , 0x0000 , 0x019B , 0x0000 , 0x0000 , 0x0000 ,
    0x0000 , 0x0000 , 0x0000 , 0x0000 , 0x0000 , 0x0000 , 0x0000 , 0x0000 ,
    0x0000 , 0x0000 , 0x0000 , 0x0000 , 0x0000 , 0x0000 , 0x0000 , 0x0000 ,
    0x0000 , 0x0000 , 0x0000 , 0x0AF6 , 0x0000 , 0x0000 , 0x0000 , 0x0000 ,
    0x0000 , 0x0000 , 0x0000 , 0x0000 , 0x0000 , 0x0000 , 0x0000 , 0x0000 ,
    0x0000 , 0x0000 , 0x0000 , 0x0000 , 0x0000 , 0x0000 , 0x0000 , 0x04C1 ,
    0x0000 , 0xC4C4 , 0x137B , 0x0000 , 0x6575 , 0x137F , 0x1387 , 0x0000 ,
    0x698D , 0xFF8C , 0x1383 , 0x0000 , 0x0002 , 0xFF9B , S(C461), 0x0000 ,
    0x746A , 0x1394 , 0x0000 , 0x0000 , 0x0000 , 0xFFF3 , 0x0000 , 0x0000 ,
    0x0000 , 0x0000 , 0x0000 , 0x13A3 , 0x0000 , 0x6175 , 0x1398 , 0x139F ,
    0x0068 , 0x7672 , 0x042C , 0x0000 , 0x09BF , 0x0000 , 0x084F , 0x0019 ,
    0x728D , 0x0A52 , 0x0A55 , 0x0000 , 0x6573 , 0xFFBA , 0x04C6 , 0x0000 ,
    0xC5C5 , 0x13AA , 0x0000 , 0x7661 , 0x0632 , 0x0000 , 0x0000 , 0x0000 ,
    0xFFBE , 0x0000 , 0x0000 , 0x0000 , 0xFFBD , 0x0000 , 0x0000 , 0x0000 ,
    0x0000 , 0x0000 , 0xFFA5 , 0x0000 , 0x0000 , 0x0000 , 0x0000 , 0x0000 ,
    0x0000 , 0x13C2 , 0x0000 , 0x7561 , 0x13D9 , 0x0000 , 0x0000 , 0x0000 ,
    0x0000 , 0x0000 , 0x0000 , 0x0000 , 0x13FB , 0x0000 , 0x0000 , 0x0000 ,
    0x0000 , 0x0000 , 0x0000 , 0x0000 , 0x0000 , 0x0000 , 0x0000 , 0x0000 ,
    0x04C9 , 0x0068 , 0x8D72 , 0x0A52 , 0x0000 , 0x13F7 , 0x0000 , 0x0000 ,
    0x0000 , 0x0000 , 0x0000 , 0x0000 , 0x0000 , 0x0000 , 0x0000 , 0x0000 ,
    0x0000 , 0x0000 , 0x0000 , 0x0000 , 0x0000 , 0x0000 , 0x0000 , 0x0000 ,
    0x0000 , 0x0000 , 0x0000 , 0x0000 , 0x0000 , 0x0000 , 0x045B , 0x0071 ,
    0x6573 , 0xFFBA , 0x0433 , 0x0074 , 0x6EA1 , 0xFF99 , 0x04C1 , 0x0000 ,
    0x7561 , 0x1416 , 0x0000 , 0x0000 , 0x0000 , 0x0000 , 0x0000 , 0x0000 ,
    0x0000 , 0xFF8C , 0x0000 , 0x0000 , 0x0000 , 0x0000 , 0x0000 , 0x141D ,
    0x0000 , 0x0000 , 0x0000 , 0x0000 , 0x0000 , 0x0D87 , 0x0068 , 0x7672 ,
    0x084C , 0x0000 , 0xFF8F , 0x0000 , 0x084F , 0x0000 , 0xA163 , 0x0084 ,
    0x0000 , 0x0000 , 0x0000 , 0x0000 , 0x0000 , 0x0000 , 0x145E , 0x01FA ,
    0x14A0 , 0x0000 , 0x0FEF , 0x0000 , 0x0000 , 0x0000 , 0x0000 , 0x0180 ,
    0x02C7 , 0x0000 , 0x01A2 , 0x0000 , 0x0000 , 0x0000 , 0x0000 , 0x0000 ,
    0x0000 , 0x0000 , 0x0000 , 0x0000 , 0x0000 , 0x0000 , 0x0000 , 0x0000 ,
    0x0000 , 0x0000 , 0x0000 , 0x02DC , 0x0000 , 0x0000 , 0x0000 , 0x0000 ,
    0x0000 , 0x0000 , 0x0000 , 0x0000 , 0x0000 , 0x0000 , 0x0000 , 0x0000 ,
    0x0000 , 0x0000 , 0x0000 , 0x0000 , 0x0000 , 0x0000 , 0x0000 , 0x0000 ,
    0x0000 , 0x0000 , 0x0000 , 0x0000 , 0x0000 , 0x01B3 , 0x0000 , 0x696E ,
    0x1462 , 0x01B7 , 0x0000 , 0xA16A , 0x02B7 , 0x01FA , 0x017D , 0x0000 ,
    0xFFF3 , 0x0000 , 0x0000 , 0x0000 , 0x0000 , 0x0180 , 0x149C , 0x0000 ,
    0x01A2 , 0x0000 , 0x0000 , 0x0000 , 0x0000 , 0x0000 , 0x0000 , 0x0000 ,
    0x0000 , 0x0000 , 0x0000 , 0x0000 , 0x0000 , 0x0000 , 0x0000 , 0x0000 ,
    0x0000 , 0x0000 , 0x0000 , 0x0000 , 0x0000 , 0x0000 , 0x0000 , 0x0000 ,
    0x0000 , 0x0000 , 0x0000 , 0x0000 , 0x0000 , 0x0000 , 0x0000 , 0x0000 ,
    0x0000 , 0x0000 , 0x0000 , 0x0000 , 0x0000 , 0x0000 , 0x0000 , 0x0000 ,
    0x0000 , 0x0000 , 0x0000 , 0x01B3 , 0x0000 , 0x6973 , 0x0259 , 0x019F ,
    0x0000 , 0x6165 , 0xFF98 , 0xFFAD , 0x0000 , 0x6961 , 0x14AF , 0x0000 ,
    0x0000 , 0x0000 , 0xFF89 , 0x0000 , 0x0000 , 0x0000 , 0xFF8C , 0x0068 ,
    0x7272 , 0x042C , 0x0000 , 0x6F61 , 0x14C3 , 0x0000 , 0x0000 , 0x0000 ,
    0x14F0 , 0x0000 , 0x0000 , 0x0000 , 0x16F4 , 0x0000 , 0x0000 , 0x0000 ,
    0x0000 , 0x0000 , 0x173C , 0x0068 , 0x8D63 , 0x0401 , 0x0000 , 0x0000 ,
    0x0000 , 0x0000 , 0x0000 , 0x0000 , 0x0000 , 0x0000 , 0x0000 , 0x0000 ,
    0x0000 , 0x0000 , 0x0000 , 0x0000 , 0x042C , 0x0000 , 0xFF8F , 0x0000 ,
    0x084F , 0x0000 , 0x0000 , 0x0000 , 0x0000 , 0x0000 , 0x0000 , 0x0000 ,
    0x0000 , 0x0000 , 0x0000 , 0x0000 , 0x0000 , 0x0000 , 0x0000 , 0x0000 ,
    0x0000 , 0x0000 , 0x0000 , 0x0000 , 0x0000 , 0x0000 , 0x0000 , 0x045B ,
    0x0077 , 0xA163 , 0x0084 , 0x096E , 0x0000 , 0x0000 , 0x0000 , 0x0000 ,
    0x0000 , 0x1531 , 0x01FA , 0x017D , 0x0000 , 0x1655 , 0x0000 , 0x0000 ,
    0x0000 , 0x0000 , 0x169C , 0x16AD , 0x0000 , 0x0619 , 0x0000 , 0x0000 ,
    0x0000 , 0x0000 , 0x0000 , 0x0000 , 0x0000 , 0x0000 , 0x0000 , 0x0000 ,
    0x0000 , 0x0000 , 0x0000 , 0x0000 , 0x0000 , 0x0000 , 0x02DC , 0x0000 ,
    0x0000 , 0x0000 , 0x0000 , 0x0000 , 0x0000 , 0x0000 , 0x0000 , 0x0000 ,
    0x0000 , 0x0000 , 0x0000 , 0x0000 , 0x0000 , 0x0000 , 0x0000 , 0x0000 ,
    0x0000 , 0x0000 , 0x0000 , 0x0000 , 0x0000 , 0x0000 , 0x0000 , 0x0000 ,
    0x0910 , 0x0000 , 0x7561 , 0x1548 , 0x0000 , 0x0000 , 0x0000 , 0x0000 ,
    0x0000 , 0x0000 , 0x0000 , 0x1579 , 0x0000 , 0x0000 , 0x0000 , 0x0000 ,
    0x1612 , 0x0000 , 0x0000 , 0x0000 , 0x0000 , 0x0000 , 0x0000 , 0x0CE8 ,
    0x0068 , 0x9163 , 0xFFE6 , 0x0000 , 0x0000 , 0x0000 , 0x0000 , 0x0000 ,
    0x0000 , 0x0000 , 0x0000 , 0xFFE2 , 0x0000 , 0x0000 , 0x0000 , 0x0000 ,
    0x0000 , 0xFFE1 , 0x0000 , 0x09BF , 0x0000 , 0x0000 , 0x0000 , 0x0000 ,
    0x0000 , 0x0000 , 0x0000 , 0x0000 , 0x0000 , 0x0000 , 0x0000 , 0x0000 ,
    0x0000 , 0x0000 , 0x0000 , 0x0000 , 0x0000 , 0x0000 , 0x0320 , 0x0000 ,
    0x0000 , 0x0000 , 0x0000 , 0x0000 , 0x0323 , 0x0000 , 0x0000 , 0x0000 ,
    0x0326 , 0x0074 , 0xA16A , 0x15B3 , 0x01FA , 0x0388 , 0x0000 , 0xFFF3 ,
    0x0000 , 0x0000 , 0x0000 , 0x15F9 , 0x03A2 , 0x15FD , 0x0000 , 0x01A2 ,
    0x0000 , 0x0000 , 0x0000 , 0x0000 , 0x0000 , 0x0000 , 0x0000 , 0x0000 ,
    0x0000 , 0x0000 , 0x0000 , 0x0000 , 0x0000 , 0x0000 , 0x0000 , 0x0000 ,
    0x0000 , 0x0000 , 0x0000 , 0x0000 , 0x0000 , 0x0000 , 0x0000 , 0x0000 ,
    0x0000 , 0x0000 , 0x0000 , 0x0000 , 0x0000 , 0x0000 , 0x0000 , 0x0000 ,
    0x0000 , 0x0000 , 0x0000 , 0x0000 , 0x0000 , 0x0000 , 0x0000 , 0x0000 ,
    0x0000 , 0x0000 , 0x01B3 , 0x0000 , 0x6E6E , 0x15B6 , 0x0000 , 0xA161 ,
    0xFFAC , 0x0000 , 0x0000 , 0x0000 , 0xFFAB , 0x0000 , 0x0000 , 0x0000 ,
    0x0000 , 0x0000 , 0x0000 , 0x0000 , 0x0000 , 0x0000 , 0x0000 , 0x0000 ,
    0x0000 , 0x0000 , 0xFF85 , 0x0000 , 0x0000 , 0x0000 , 0x0000 , 0x0000 ,
    0x0000 , 0x0000 , 0x0000 , 0x0000 , 0x0000 , 0x0000 , 0x0000 , 0x0000 ,
    0x0000 , 0x0000 , 0x0000 , 0x0000 , 0x0000 , 0x0000 , 0x0000 , 0x0000 ,
    0x0000 , 0x0000 , 0x0000 , 0x0000 , 0x0000 , 0x0000 , 0x0000 , 0x0000 ,
    0x0000 , 0x0000 , 0x0000 , 0x0000 , 0x0000 , 0x0000 , 0x0000 , 0x0000 ,
    0x0000 , 0x0000 , 0x0000 , 0x0000 , 0x0000 , 0x0000 , 0x0000 , 0x0000 ,
    0x0173 , 0x0000 , 0x0002 , 0xFFEB , S(6172), 0x0000 , 0x7361 , 0xFF88 ,
    0x0000 , 0x0000 , 0x0000 , 0x0000 , 0x0000 , 0x0000 , 0x0000 , 0x0259 ,
    0x0000 , 0x0000 , 0x0000 , 0x0000 , 0x0000 , 0xFFEA , 0x0000 , 0x0000 ,
    0x0000 , 0x019F , 0x0000 , 0xA161 , 0xFFAC , 0x0000 , 0x0000 , 0x0000 ,
    0xFFAB , 0x0000 , 0x0000 , 0x0000 , 0xFF8E , 0x0000 , 0x0000 , 0x0000 ,
    0x0000 , 0x0000 , 0x0000 , 0x0000 , 0x0000 , 0x0000 , 0xFF86 , 0x0000 ,
    0x0000 , 0x0000 , 0x0000 , 0x0000 , 0x0000 , 0x0000 , 0x0000 , 0x0000 ,
    0x0000 , 0x0000 , 0x0000 , 0x0000 , 0x0000 , 0x0000 , 0x0000 , 0x0000 ,
    0x0000 , 0x0000 , 0x0000 , 0x0000 , 0x0000 , 0x0000 , 0x0000 , 0x0000 ,
    0x0000 , 0x0000 , 0x0000 , 0x0000 , 0x0000 , 0x0000 , 0x0000 , 0x0000 ,
    0x0000 , 0x0000 , 0x0000 , 0x0000 , 0x0000 , 0x0000 , 0x0000 , 0x0000 ,
    0x0000 , 0x0000 , 0x0000 , 0x0000 , 0x0173 , 0x000D , 0xA161 , 0x1698 ,
    0x0000 , 0x0000 , 0x0000 , 0xFFA9 , 0x0000 , 0x0000 , 0x0000 , 0x0000 ,
    0x0000 , 0x0000 , 0x0000 , 0x0000 , 0x0000 , 0x0000 , 0x0000 , 0x0000 ,
    0x0000 , 0xFF61 , 0x0000 , 0x0000 , 0x0000 , 0x0000 , 0x0000 , 0x0000 ,
    0x0000 , 0x0000 , 0x0000 , 0x0000 , 0x0000 , 0x0000 , 0x0000 , 0x0000 ,
    0x0000 , 0x0000 , 0x0000 , 0x0000 , 0x0000 , 0x0000 , 0x0000 , 0x0000 ,
    0x0000 , 0x0000 , 0x0000 , 0x0000 , 0x0000 , 0x0000 , 0x0000 , 0x0000 ,
    0x0000 , 0x0000 , 0x0000 , 0x0000 , 0x0000 , 0x0000 , 0x0000 , 0x0000 ,
    0x0000 , 0x0000 , 0x0000 , 0x0000 , 0x0000 , 0x0000 , 0x0000 , 0x0241 ,
    0x000A , 0x0002 , 0x0433 , S(7473), 0x0000 , 0x6F61 , 0x05F1 , 0x0000 ,
    0x0000 , 0x0000 , 0xFF68 , 0x0000 , 0x0000 , 0x0000 , 0xFF66 , 0x0000 ,
    0x0000 , 0x0000 , 0x0000 , 0x0000 , 0xFF85 , 0x0000 , 0xA161 , 0xFF88 ,
    0x0000 , 0x0000 , 0x0000 , 0xFFBA , 0x0000 , 0x0000 , 0x0000 , 0x0259 ,
    0x0000 , 0x0000 , 0x0000 , 0x0000 , 0x0000 , 0x0000 , 0x0000 , 0x0000 ,
    0x0000 , 0x16F0 , 0x0000 , 0x0000 , 0x0000 , 0x0000 , 0x0000 , 0x0000 ,
    0x0000 , 0x0000 , 0x0000 , 0x0000 , 0x0000 , 0x0000 , 0x0000 , 0x0000 ,
    0x0000 , 0x0000 , 0x0000 , 0x0000 , 0x0000 , 0x0000 , 0x0000 , 0x0000 ,
    0x0000 , 0x0000 , 0x0000 , 0x0000 , 0x0000 , 0x0000 , 0x0000 , 0x0000 ,
    0x0000 , 0x0000 , 0x0000 , 0x0000 , 0x0000 , 0x0000 , 0x0000 , 0x0000 ,
    0x0000 , 0x0000 , 0x0000 , 0x0000 , 0x0000 , 0x0000 , 0x0000 , 0x07C2 ,
    0x0000 , 0x6169 , 0xFFA2 , 0xFF69 , 0x0074 , 0xA163 , 0x1077 , 0x0000 ,
    0x0000 , 0x0000 , 0x0000 , 0x0000 , 0x0000 , 0x108E , 0x01FA , 0x017D ,
    0x0000 , 0x0FEF , 0x0000 , 0x0000 , 0x0000 , 0x0000 , 0x1735 , 0x1098 ,
    0x0000 , 0x01A2 , 0x0000 , 0x0000 , 0x0000 , 0x0000 , 0x0000 , 0x0000 ,
    0x0000 , 0x0000 , 0x0000 , 0x0000 , 0x0000 , 0x0000 , 0x0000 , 0x0000 ,
    0x0000 , 0x0000 , 0x02DC , 0x0000 , 0x0000 , 0x0000 , 0x0000 , 0x0000 ,
    0x0AF6 , 0x0000 , 0x0000 , 0x0000 , 0x0000 , 0x0000 , 0x0000 , 0x0000 ,
    0x0000 , 0x0000 , 0x0000 , 0x0000 , 0x0000 , 0x0000 , 0x0000 , 0x0000 ,
    0x0000 , 0x0000 , 0x0000 , 0x0000 , 0x1738 , 0x0000 , 0x6F6F , 0x1095 ,
    0x0000 , 0x0002 , 0x10B1 , S(C56F), 0x0000 , 0xA163 , 0x0084 , 0x0000 ,
    0x0000 , 0x0000 , 0x0973 , 0x0000 , 0x0000 , 0x177D , 0x01FA , 0x17E0 ,
    0x1263 , 0x17F1 , 0x0000 , 0x0000 , 0x0000 , 0x0745 , 0x0756 , 0x1802 ,
    0x0000 , 0x1817 , 0x0000 , 0x0000 , 0x0000 , 0x0000 , 0x0000 , 0x0000 ,
    0x0000 , 0x0000 , 0x0000 , 0x0000 , 0x0000 , 0x0000 , 0x0000 , 0x0000 ,
    0x0000 , 0x0000 , 0x02DC , 0x0000 , 0x0000 , 0x0000 , 0x0000 , 0x0000 ,
    0x0000 , 0x0000 , 0x0000 , 0x0000 , 0x0000 , 0x0000 , 0x0000 , 0x0000 ,
    0x0000 , 0x0000 , 0x0000 , 0x0000 , 0x0000 , 0x0000 , 0x0000 , 0x0000 ,
    0x0000 , 0x0000 , 0x0000 , 0x0000 , 0x0910 , 0x0000 , 0x696E , 0x1781 ,
    0x01B7 , 0x0000 , 0xBE62 , 0xFFE0 , 0xFFDF , 0xFFDE , 0x0000 , 0xFFD8 ,
    0xFFD9 , 0x0000 , 0x0000 , 0x0000 , 0x0000 , 0xFFDD , 0xFFDB , 0x05AF ,
    0x0000 , 0xFFD7 , 0x0000 , 0xFFD6 , 0xFFD5 , 0xFFD4 , 0x0000 , 0x0000 ,
    0x0000 , 0x0000 , 0x0000 , 0xFFD3 , 0x0000 , 0x0000 , 0x0000 , 0x0000 ,
    0x0000 , 0x0000 , 0x0000 , 0x0000 , 0x0000 , 0x0000 , 0x0000 , 0x0000 ,
    0x0000 , 0x0000 , 0x0000 , 0x0000 , 0x0000 , 0x0000 , 0x0000 , 0x0000 ,
    0x0000 , 0x0000 , 0x0000 , 0x0000 , 0x0000 , 0x0000 , 0x0000 , 0x0000 ,
    0x0000 , 0x0000 , 0x0000 , 0x0000 , 0x0000 , 0x0000 , 0x0000 , 0x0000 ,
    0x0000 , 0x0000 , 0x0000 , 0x0000 , 0x0000 , 0x0000 , 0x0000 , 0x0000 ,
    0x0000 , 0x0000 , 0x0000 , 0x0000 , 0x0000 , 0x0000 , 0x0000 , 0x0000 ,
    0x0000 , 0x0000 , 0x0000 , 0x0000 , 0x0000 , 0x0000 , 0x0000 , 0x0000 ,
    0x0000 , 0x0000 , 0x0000 , 0x0000 , 0x0000 , 0x0000 , 0x0000 , 0x03BA ,
    0x0000 , 0x6F61 , 0x0728 , 0x0000 , 0x0000 , 0x0000 , 0xFFAD , 0x0000 ,
    0x0000 , 0x0000 , 0x072C , 0x0000 , 0x0000 , 0x0000 , 0x0000 , 0x0000 ,
    0xFFCE , 0x000D , 0x6F61 , 0xFFF6 , 0x0000 , 0x0000 , 0x0000 , 0x0000 ,
    0x0000 , 0x0000 , 0x0000 , 0x0B94 , 0x0000 , 0x0000 , 0x0000 , 0x0000 ,
    0x0000 , 0xFFF4 , 0x0000 , 0x7361 , 0x08E8 , 0x0000 , 0x0000 , 0x0000 ,
    0xFFBA , 0x0000 , 0x0000 , 0x0000 , 0x0259 , 0x0000 , 0x0000 , 0x0000 ,
    0x0000 , 0x0000 , 0x0000 , 0x0000 , 0x0000 , 0x0000 , 0x07B1 , 0x0000 ,
    0x7461 , 0xFFB3 , 0x0000 , 0x0000 , 0x0000 , 0xFFB2 , 0x0000 , 0x0000 ,
    0x0000 , 0xFFB1 , 0x0000 , 0x0000 , 0x0000 , 0x0000 , 0x0000 , 0x182D ,
    0x0000 , 0x0000 , 0x0000 , 0x0000 , 0x090C , 0x0050 , 0x6C6D , 0xFFAE ,
    0xFFAF , 0x0000 , 0x6961 , 0x14C3 , 0x0000 , 0x0000 , 0x0000 , 0x0B90 ,
    0x0000 , 0x0000 , 0x0000 , 0x183C , 0x0000 , 0x0002 , 0xFFF6 , S(6E61),
    0x0000 , 0x7661 , 0x1858 , 0x0000 , 0x0000 , 0x0000 , 0x0000 , 0x0000 ,
    0x115C , 0x0000 , 0x1885 , 0x18CE , 0x01FA , 0x1931 , 0x19B6 , 0x1AA3 ,
    0x0000 , 0x0000 , 0x0000 , 0x0000 , 0x0000 , 0x1ADB , 0x04C9 , 0x1AF2 ,
    0x0068 , 0x8D63 , 0x0401 , 0x0000 , 0x0000 , 0x0000 , 0x0000 , 0x0000 ,
    0x0000 , 0x0DF8 , 0x0000 , 0x0000 , 0x0000 , 0x0000 , 0x0000 , 0x0000 ,
    0x0000 , 0x042C , 0x0000 , 0x0AB2 , 0x0000 , 0x0444 , 0x0000 , 0x0000 ,
    0x0000 , 0x0000 , 0x0000 , 0x0000 , 0x0000 , 0x0000 , 0x0000 , 0x0000 ,
    0x0000 , 0x0000 , 0x0000 , 0x0000 , 0x0000 , 0x0000 , 0x0000 , 0x0000 ,
    0x0000 , 0x0000 , 0x0000 , 0x0000 , 0x045B , 0x0074 , 0xA163 , 0x086A ,
    0x0000 , 0x0000 , 0x0000 , 0x0000 , 0x0000 , 0x0000 , 0x0000 , 0x0000 ,
    0xFFE8 , 0x0000 , 0xFF99 , 0x0000 , 0x0000 , 0x0000 , 0x15F9 , 0x18C6 ,
    0x18CA , 0x0000 , 0x0000 , 0x0000 , 0x0000 , 0x0000 , 0x0000 , 0x0000 ,
    0x0000 , 0x0000 , 0x0000 , 0x0000 , 0x0000 , 0x0000 , 0x0000 , 0x0000 ,
    0x0000 , 0x0000 , 0x0000 , 0x0000 , 0x0000 , 0x0000 , 0x0000 , 0x0000 ,
    0x0000 , 0x0AF6 , 0x0000 , 0x0000 , 0x0000 , 0x0000 , 0x0000 , 0x0000 ,
    0x0000 , 0x0000 , 0x0000 , 0x0000 , 0x0000 , 0x0000 , 0x0000 , 0x0000 ,
    0x0000 , 0x0000 , 0x0000 , 0x0000 , 0x0000 , 0x04C1 , 0x0017 , 0x0002 ,
    0xFF81 , S(6F72), 0x0000 , 0x656F , 0x0D63 , 0xFFEA , 0x0000 , 0x696E ,
    0x18D2 , 0x01B7 , 0x0000 , 0xBE62 , 0xFFE0 , 0xFFDF , 0xFFDE , 0x0000 ,
    0xFFD8 , 0xFFD9 , 0x0000 , 0x0000 , 0x0000 , 0x0000 , 0xFFDD , 0xFFDB ,
    0xFFDC , 0x0000 , 0xFFD7 , 0x0000 , 0xFFD6 , 0xFFD5 , 0xFFD4 , 0x0000 ,
    0x0000 , 0x0000 , 0x0000 , 0x0000 , 0xFFD3 , 0x0000 , 0x0000 , 0x0000 ,
    0x0000 , 0x0000 , 0x0000 , 0x0000 , 0x0000 , 0x0000 , 0x0000 , 0x0000 ,
    0x0000 , 0x0000 , 0x0000 , 0x0000 , 0x0000 , 0x0000 , 0x0000 , 0x0000 ,
    0x0000 , 0x0000 , 0x0000 , 0x0000 , 0x0000 , 0x0000 , 0x0000 , 0x0000 ,
    0x0000 , 0x0000 , 0x0000 , 0x0000 , 0x0000 , 0x0000 , 0x0000 , 0x0000 ,
    0x0000 , 0x0000 , 0x0000 , 0x0000 , 0x0000 , 0x0000 , 0x0000 , 0x0000 ,
    0x0000 , 0x0000 , 0x0000 , 0x0000 , 0x0000 , 0x0000 , 0x0000 , 0x0000 ,
    0x0000 , 0x0000 , 0x0000 , 0x0000 , 0x0000 , 0x0000 , 0x0000 , 0x0000 ,
    0x0000 , 0x0000 , 0x0000 , 0x0000 , 0x0000 , 0x0000 , 0x0000 , 0x0000 ,
    0x03BA , 0x0000 , 0x7561 , 0x1948 , 0x0000 , 0x0000 , 0x0000 , 0xFFAD ,
    0x0000 , 0x0000 , 0x0000 , 0x1975 , 0x0000 , 0x0000 , 0x0000 , 0x0000 ,
    0x0000 , 0x0000 , 0x0000 , 0x0000 , 0x0000 , 0x04C6 , 0x0000 , 0x04C9 ,
    0x0068 , 0x8D63 , 0x0401 , 0x0000 , 0x0000 , 0x0000 , 0x0000 , 0x0000 ,
    0x0000 , 0x1212 , 0x0000 , 0x0000 , 0x0000 , 0xFFD2 , 0x0000 , 0x0000 ,
    0x0000 , 0x042C , 0x0000 , 0x0AB2 , 0x0000 , 0x0444 , 0x0000 , 0x0000 ,
    0x0000 , 0x0000 , 0x0000 , 0x0000 , 0x0000 , 0x0000 , 0x0000 , 0x0000 ,
    0x0000 , 0x0000 , 0x0000 , 0x0000 , 0x0000 , 0x0000 , 0x0000 , 0x0000 ,
    0x0000 , 0x0000 , 0x0000 , 0x0000 , 0x045B , 0x0074 , 0xA163 , 0x086A ,
    0x0000 , 0x0000 , 0x0000 , 0x0000 , 0x0000 , 0x0000 , 0x0000 , 0x0000 ,
    0x0000 , 0x0000 , 0xFF99 , 0x0000 , 0x0000 , 0x0000 , 0x0000 , 0x04AC ,
    0x04B0 , 0x0000 , 0x0000 , 0x0000 , 0x0000 , 0x0000 , 0x0000 , 0x0000 ,
    0x0000 , 0x0000 , 0x0000 , 0x0000 , 0x0000 , 0x0000 , 0x0000 , 0x0000 ,
    0x0000 , 0x0000 , 0x0000 , 0x0000 , 0x0000 , 0x0000 , 0x0000 , 0x0000 ,
    0x0000 , 0x0AF6 , 0x0000 , 0x0000 , 0x0000 , 0x0000 , 0x0000 , 0x0000 ,
    0x0000 , 0x0000 , 0x0000 , 0x0000 , 0x0000 , 0x0000 , 0x0000 , 0x0000 ,
    0x0000 , 0x0000 , 0x0000 , 0x0000 , 0x0000 , 0x04C1 , 0x0000 , 0x7361 ,
    0x19CB , 0x0000 , 0x0000 , 0x0000 , 0x19FC , 0x0000 , 0x0000 , 0x0000 ,
    0x1A26 , 0x1A6E , 0x0000 , 0x0000 , 0x0000 , 0x0000 , 0x0000 , 0x0000 ,
    0x0000 , 0x0000 , 0x1A8C , 0x0068 , 0x8D63 , 0x0401 , 0x0000 , 0x0000 ,
    0x0000 , 0x0000 , 0x0000 , 0x0000 , 0x0000 , 0x0000 , 0x0000 , 0x0000 ,
    0x0000 , 0x0000 , 0x0000 , 0x0000 , 0x19F8 , 0x0000 , 0xFF8F , 0x0000 ,
    0x084F , 0x0000 , 0x0000 , 0x0000 , 0x0000 , 0x0000 , 0x0000 , 0x0000 ,
    0x0000 , 0x0000 , 0x0000 , 0x0000 , 0x0000 , 0x0000 , 0x0000 , 0x0000 ,
    0x0000 , 0x0000 , 0x0000 , 0x0000 , 0x0000 , 0x0000 , 0x0000 , 0x045B ,
    0x0034 , 0x6975 , 0xFF9C , 0xFF97 , 0x0077 , 0x7464 , 0x096E , 0x0000 ,
    0x0000 , 0x0000 , 0x0000 , 0x0000 , 0x1A0F , 0x0000 , 0xFFCD , 0x0000 ,
    0x0D15 , 0x0000 , 0x0000 , 0x0000 , 0x0000 , 0x0000 , 0x13A3 , 0x0000 ,
    0x7561 , 0x0AAE , 0x0000 , 0x0000 , 0x0000 , 0x0000 , 0x0000 , 0x0000 ,
    0x0000 , 0xFF8C , 0x0000 , 0x0000 , 0x0000 , 0x0000 , 0x0429 , 0x0000 ,
    0x0000 , 0x0000 , 0x0000 , 0x0000 , 0x0000 , 0x0CE8 , 0x0074 , 0xA163 ,
    0x086A , 0x0000 , 0x0000 , 0x0000 , 0x0000 , 0x0000 , 0x0000 , 0x0000 ,
    0x0000 , 0x0000 , 0x0000 , 0x0D15 , 0x0000 , 0x0000 , 0x0000 , 0x0000 ,
    0x04AC , 0x1A67 , 0x0000 , 0x0000 , 0x0000 , 0x0000 , 0x0000 , 0x0000 ,
    0x0000 , 0x0000 , 0x0000 , 0x0000 , 0x0000 , 0x0000 , 0x0000 , 0x0000 ,
    0x0000 , 0x0000 , 0x0000 , 0x0000 , 0x0000 , 0x0000 , 0x0000 , 0x0000 ,
    0x0000 , 0x0000 , 0x0AF6 , 0x0000 , 0x0000 , 0x0000 , 0x0000 , 0x0000 ,
    0x0000 , 0x0000 , 0x0000 , 0x0000 , 0x0000 , 0x0000 , 0x0000 , 0x0000 ,
    0x0000 , 0x0000 , 0x0000 , 0x0000 , 0x0000 , 0x0000 , 0x04C1 , 0x0000 ,
    0x6573 , 0x1A6B , 0x04C6 , 0x0046 , 0x6A6A , 0xFF8A , 0x0000 , 0x7561 ,
    0x1A85 , 0x0000 , 0x0000 , 0x0000 , 0x0000 , 0x0000 , 0x0000 , 0x0000 ,
    0xFF8C , 0x0000 , 0x0000 , 0x0000 , 0x0000 , 0x0000 , 0x0000 , 0x0000 ,
    0x0000 , 0x0000 , 0x0000 , 0x0000 , 0x0CE8 , 0x0068 , 0x7672 , 0x084C ,
    0x0000 , 0x0D84 , 0x0000 , 0x084F , 0x0000 , 0x7561 , 0x1009 , 0x0000 ,
    0x0000 , 0x0000 , 0x0000 , 0x0000 , 0x0000 , 0x0000 , 0x1975 , 0x0000 ,
    0x0000 , 0x0000 , 0x0000 , 0x0000 , 0x10B4 , 0x0000 , 0x0000 , 0x0000 ,
    0x0000 , 0x0000 , 0x04C9 , 0x000D , 0x6961 , 0x1AAE , 0x0000 , 0x0000 ,
    0x0000 , 0x0B90 , 0x0000 , 0x0000 , 0x0000 , 0x05D1 , 0x0068 , 0x8D63 ,
    0x0401 , 0x0000 , 0x0000 , 0x0000 , 0x0000 , 0x0000 , 0x0000 , 0x0000 ,
    0x0000 , 0x0000 , 0x0000 , 0x0000 , 0x0000 , 0x0000 , 0x0000 , 0x084C ,
    0x0000 , 0xFF8F , 0x0000 , 0x084F , 0x0000 , 0x0000 , 0x0000 , 0x0000 ,
    0x0000 , 0x0000 , 0x0000 , 0x0000 , 0x0000 , 0x0000 , 0x0000 , 0x0000 ,
    0x0000 , 0x0000 , 0x0000 , 0x0000 , 0x0000 , 0x0000 , 0x0000 , 0x0000 ,
    0x0000 , 0x0000 , 0x045B , 0x0000 , 0x7561 , 0x08E8 , 0x0000 , 0x0000 ,
    0x0000 , 0xFFBA , 0x0000 , 0x0000 , 0x0000 , 0x0259 , 0x0000 , 0x0000 ,
    0x0000 , 0x0000 , 0x0000 , 0x0000 , 0x0000 , 0x0000 , 0x0000 , 0x07B1 ,
    0x0000 , 0x04C9 , 0x0000 , 0x7461 , 0xFFB3 , 0x0000 , 0x0000 , 0x0000 ,
    0xFFB2 , 0x0000 , 0x0000 , 0x0000 , 0xFFB1 , 0x0000 , 0x0000 , 0x0000 ,
    0x0000 , 0x0000 , 0xFFB0 , 0x0000 , 0x0000 , 0x0000 , 0x0000 , 0x090C ,
    0x0000 , 0x6961 , 0x1B13 , 0x0000 , 0x0000 , 0x0000 , 0x1B29 , 0x0000 ,
    0x0000 , 0x0000 , 0x1B69 , 0x00A1 , 0x7663 , 0x0401 , 0x0000 , 0x0000 ,
    0x0000 , 0x0000 , 0x0000 , 0x0000 , 0x0000 , 0x0000 , 0x0000 , 0x0000 ,
    0x0000 , 0x0000 , 0x0000 , 0x0000 , 0x0C05 , 0x0000 , 0xFF60 , 0x0000 ,
    0x1137 , 0x00A3 , 0x7464 , 0x1B3C , 0x0000 , 0x0000 , 0x0000 , 0x0000 ,
    0x0000 , 0x1B41 , 0x0000 , 0x0000 , 0x0000 , 0x1B60 , 0x0000 , 0x0000 ,
    0x0000 , 0x0000 , 0x0000 , 0x1B65 , 0x0000 , 0x0003 , 0x0C3D , S(7473),
    S(0061), 0x0000 , 0x7561 , 0x1B58 , 0x0000 , 0x0000 , 0x0000 , 0x0000 ,
    0x0000 , 0x0000 , 0x0000 , 0xFF5E , 0x0000 , 0x0000 , 0x0000 , 0x0000 ,
    0x0C02 , 0x0000 , 0x0000 , 0x0000 , 0x0000 , 0x0000 , 0x0000 , 0x1B5C ,
    0x0000 , 0x0002 , 0x0BF1 , S(7473), 0x009D , 0x6372 , 0x0A4E , 0x1152 ,
    0x00A4 , 0x0003 , 0x0C3D , S(7473), S(0061), 0x0000 , 0x6573 , 0xFF67 ,
    0x1159 , 0x00A2 , 0x7463 , 0x086A , 0x0000 , 0x0000 , 0x0000 , 0x0000 ,
    0x0000 , 0x0000 , 0x0000 , 0x0000 , 0x0000 , 0x0000 , 0xFF62 , 0x0000 ,
    0x0000 , 0x0000 , 0x0000 , 0x04AC , 0x0C34 , 0x0000 , 0x7561 , 0x1B94 ,
    0x0000 , 0x0000 , 0x0000 , 0x0000 , 0x0000 , 0x0000 , 0x0000 , 0x1BDC ,
    0x0000 , 0x0000 , 0x0000 , 0x0000 , 0x0000 , 0x0000 , 0x0000 , 0x0000 ,
    0x0000 , 0x0000 , 0x0000 , 0x04C9 , 0x0068 , 0x8D63 , 0x0401 , 0x0000 ,
    0x0000 , 0x0000 , 0x0000 , 0x0000 , 0x0000 , 0x0DF8 , 0x0000 , 0x0000 ,
    0x0000 , 0x0000 , 0x0000 , 0x0000 , 0x0000 , 0x042C , 0x0000 , 0x0AB2 ,
    0x0000 , 0x1BC1 , 0x0000 , 0x0000 , 0x0000 , 0x0000 , 0x0000 , 0x0000 ,
    0x0000 , 0x0000 , 0x0000 , 0x0000 , 0x0000 , 0x0000 , 0x0000 , 0x0000 ,
    0x0000 , 0x0000 , 0x0000 , 0x0000 , 0x0000 , 0x0000 , 0x0000 , 0x0000 ,
    0x045B , 0x0000 , 0x7561 , 0xFF9F , 0x0000 , 0x0000 , 0x0000 , 0xFFA0 ,
    0x0000 , 0x0000 , 0x0000 , 0x1BD8 , 0x0000 , 0x0000 , 0x0000 , 0x0000 ,
    0x0000 , 0xFFB4 , 0x0000 , 0x0000 , 0x0000 , 0x0000 , 0x0000 , 0xFF9D ,
    0x0062 , 0x0002 , 0xFF9C , S(7269), 0x0074 , 0xA163 , 0x086A , 0x0000 ,
    0x0000 , 0x0000 , 0x0000 , 0x0000 , 0x0000 , 0x0000 , 0x0000 , 0x0000 ,
    0x0000 , 0x0000 , 0x0000 , 0x0000 , 0x0000 , 0x0000 , 0x04AC , 0x04B0 ,
    0x0000 , 0x0000 , 0x0000 , 0x0000 , 0x0000 , 0x0000 , 0x0000 , 0x0000 ,
    0x0000 , 0x0000 , 0x0000 , 0x0000 , 0x0000 , 0x0000 , 0x0000 , 0x0000 ,
    0x0000 , 0x0000 , 0x0000 , 0x0000 , 0x0000 , 0x0000 , 0x0000 , 0x0000 ,
    0x0AF6 , 0x0000 , 0x0000 , 0x0000 , 0x0000 , 0x0000 , 0x0000 , 0x0000 ,
    0x0000 , 0x0000 , 0x0000 , 0x0000 , 0x0000 , 0x0000 , 0x0000 , 0x0000 ,
    0x0000 , 0x0000 , 0x0000 , 0x0000 , 0x04C1 , 0x0000 , 0xA164 , 0x096E ,
    0x0000 , 0x0000 , 0x0973 , 0x1C5D , 0x0000 , 0x1C8D , 0x01FA , 0x17E0 ,
    0x1D45 , 0x1DDB , 0x0000 , 0x0000 , 0x0000 , 0x0745 , 0x0756 , 0x1DEC ,
    0x0000 , 0x1E2F , 0x0000 , 0x0000 , 0x0000 , 0x0000 , 0x0000 , 0x0000 ,
    0x0000 , 0x0000 , 0x0000 , 0x0000 , 0x0000 , 0x0000 , 0x0000 , 0x0000 ,
    0x0000 , 0x0000 , 0x0000 , 0x0000 , 0x0000 , 0x0000 , 0x0000 , 0x0000 ,
    0x0000 , 0x0000 , 0x0000 , 0x0000 , 0x0000 , 0x0000 , 0x0000 , 0x0000 ,
    0x0000 , 0x0000 , 0x0000 , 0x0000 , 0x0000 , 0x0000 , 0x0000 , 0x0000 ,
    0x0000 , 0x0000 , 0x0000 , 0x0000 , 0x0910 , 0x0000 , 0x6161 , 0x1C60 ,
    0x0068 , 0x8D63 , 0x0401 , 0x0000 , 0x0000 , 0x0000 , 0x0000 , 0x0000 ,
    0x0000 , 0x0DF8 , 0x0000 , 0x0000 , 0x0000 , 0x0000 , 0x0000 , 0x0000 ,
    0x0000 , 0x042C , 0x0000 , 0x0000 , 0x0000 , 0x0444 , 0x0000 , 0x0000 ,
    0x0000 , 0x0000 , 0x0000 , 0x0000 , 0x0000 , 0x0000 , 0x0000 , 0x0000 ,
    0x0000 , 0x0000 , 0x0000 , 0x0000 , 0x0000 , 0x0000 , 0x0000 , 0x0000 ,
    0x0000 , 0x0000 , 0x0000 , 0x0000 , 0x045B , 0x0000 , 0x7561 , 0x1CA4 ,
    0x0000 , 0x0000 , 0x0000 , 0x0000 , 0x0000 , 0x0000 , 0x0000 , 0x1CE2 ,
    0x0000 , 0x0000 , 0x0000 , 0x0000 , 0x01B7 , 0x0000 , 0x0000 , 0x0000 ,
    0x0000 , 0x0000 , 0x0000 , 0x0CE8 , 0x0068 , 0x9163 , 0x1CD5 , 0x0000 ,
    0x0000 , 0x0000 , 0x0000 , 0x0000 , 0x0000 , 0x0000 , 0x0000 , 0xFFE2 ,
    0x0000 , 0x0000 , 0x0000 , 0x0000 , 0x0000 , 0x1CD8 , 0x0000 , 0x0D84 ,
    0x0000 , 0x084F , 0x0000 , 0x0000 , 0x0000 , 0x0000 , 0x0000 , 0x0000 ,
    0x0000 , 0x0000 , 0x0000 , 0x0000 , 0x0000 , 0x0000 , 0x0000 , 0x0000 ,
    0x0000 , 0x0000 , 0x0320 , 0x0000 , 0x0000 , 0x0000 , 0x0000 , 0x0000 ,
    0x1CDC , 0x0000 , 0x0000 , 0x0000 , 0x0326 , 0x001A , 0x6161 , 0xFF80 ,
    0x001F , 0x6975 , 0xFF9C , 0xFF97 , 0x0000 , 0xC4C4 , 0x1CDF , 0x001B ,
    0x6161 , 0xFF9A , 0x0074 , 0xBE62 , 0xFFE0 , 0xFFDF , 0xFFDE , 0x0000 ,
    0xFFD8 , 0xFFD9 , 0x0000 , 0x0000 , 0x02B7 , 0xFFA1 , 0x0388 , 0xFFDB ,
    0x06FC , 0x0000 , 0xFFD7 , 0x0000 , 0x039E , 0x03A2 , 0x1D41 , 0x0000 ,
    0x01A2 , 0x0000 , 0x0000 , 0x0000 , 0xFFD3 , 0x0000 , 0x0000 , 0x0000 ,
    0x0000 , 0x0000 , 0x0000 , 0x0000 , 0x0000 , 0x0000 , 0x0000 , 0x0000 ,
    0x0000 , 0x0000 , 0x0000 , 0x0000 , 0x0000 , 0x0000 , 0x0000 , 0x0000 ,
    0x0000 , 0x0000 , 0x0000 , 0x0000 , 0x0000 , 0x0000 , 0x0000 , 0x0000 ,
    0x0000 , 0x0000 , 0x0000 , 0x0000 , 0x0000 , 0x0000 , 0x0000 , 0x0000 ,
    0x0000 , 0x0000 , 0x0000 , 0x01B3 , 0x0000 , 0x0000 , 0x0000 , 0x0000 ,
    0x0000 , 0x0000 , 0x0000 , 0x0000 , 0x0000 , 0x0000 , 0x0000 , 0x0000 ,
    0x0000 , 0x0000 , 0x0000 , 0x0000 , 0x0000 , 0x0000 , 0x0000 , 0x0000 ,
    0x0000 , 0x0000 , 0x0000 , 0x0000 , 0x0000 , 0x0000 , 0x0000 , 0x0000 ,
    0x03BA , 0x002C , 0x616F , 0xFF88 , 0xFFEA , 0x0000 , 0x6F61 , 0x05C8 ,
    0x0000 , 0x0000 , 0x0000 , 0x1D56 , 0x0000 , 0x0000 , 0x0000 , 0x0000 ,
    0x0000 , 0x0000 , 0x0000 , 0x0000 , 0x0000 , 0x1D9A , 0x0000 , 0xA163 ,
    0x0084 , 0x0000 , 0x0000 , 0x0000 , 0x0000 , 0x0000 , 0x0000 , 0x108E ,
    0x01FA , 0x1D97 , 0x0000 , 0x0F68 , 0x0000 , 0x0000 , 0x0000 , 0x0000 ,
    0x0180 , 0x02C7 , 0x0000 , 0x01A2 , 0x0000 , 0x0000 , 0x0000 , 0x0000 ,
    0x0000 , 0x0000 , 0x0000 , 0x0000 , 0x0000 , 0x0000 , 0x0000 , 0x0000 ,
    0x0000 , 0x0000 , 0x0000 , 0x0000 , 0x02DC , 0x0000 , 0x0000 , 0x0000 ,
    0x0000 , 0x0000 , 0x0000 , 0x0000 , 0x0000 , 0x0000 , 0x0000 , 0x0000 ,
    0x0000 , 0x0000 , 0x0000 , 0x0000 , 0x0000 , 0x0000 , 0x0000 , 0x0000 ,
    0x0000 , 0x0000 , 0x0000 , 0x0000 , 0x0000 , 0x0000 , 0x01B3 , 0x0033 ,
    0x6565 , 0xFFAD , 0x0000 , 0xA163 , 0x0084 , 0x0000 , 0x0000 , 0x0000 ,
    0x0000 , 0x0000 , 0x0000 , 0x02B7 , 0x01FA , 0x017D , 0x0000 , 0x0FEF ,
    0x0000 , 0x0000 , 0x0000 , 0x0000 , 0x0180 , 0x02C7 , 0x0000 , 0x01A2 ,
    0x0000 , 0x0000 , 0x0000 , 0x0000 , 0x0000 , 0x0000 , 0x0000 , 0x0000 ,
    0x0000 , 0x0000 , 0x0000 , 0x0000 , 0x0000 , 0x0000 , 0x0000 , 0x0000 ,
    0x02DC , 0x0000 , 0x0000 , 0x0000 , 0x0000 , 0x0000 , 0x0000 , 0x0000 ,
    0x0000 , 0x0000 , 0x0000 , 0x0000 , 0x0000 , 0x0000 , 0x0000 , 0x0000 ,
    0x0000 , 0x0000 , 0x0000 , 0x0000 , 0x0000 , 0x0000 , 0x0000 , 0x0000 ,
    0x0000 , 0x0000 , 0x01B3 , 0x000D , 0x6F61 , 0x1698 , 0x0000 , 0x0000 ,
    0x0000 , 0x0000 , 0x0000 , 0x0000 , 0x0000 , 0x0B94 , 0x0000 , 0x0000 ,
    0x0000 , 0x0000 , 0x0000 , 0xFFF4 , 0x0000 , 0xA161 , 0x08E8 , 0x0000 ,
    0x0000 , 0x0000 , 0xFFBA , 0x0000 , 0x0000 , 0x0000 , 0x0259 , 0x0000 ,
    0x0000 , 0x0000 , 0x0000 , 0x0000 , 0x0000 , 0x0000 , 0x0000 , 0x0000 ,
    0x07B1 , 0x0000 , 0x0000 , 0x0000 , 0x0000 , 0x0000 , 0x0000 , 0x0000 ,
    0x0000 , 0x0000 , 0x0000 , 0x0000 , 0x0000 , 0x0000 , 0x0000 , 0x0000 ,
    0x0000 , 0x0000 , 0x0000 , 0x0000 , 0x0000 , 0x0000 , 0x0000 , 0x0000 ,
    0x0000 , 0x0000 , 0x0000 , 0x0000 , 0x0000 , 0x0000 , 0x0000 , 0x0000 ,
    0x0000 , 0x0000 , 0x0000 , 0x0000 , 0x0000 , 0x0000 , 0x0000 , 0x0000 ,
    0x0000 , 0x0000 , 0x0000 , 0x0000 , 0x0000 , 0x0000 , 0x07C2 , 0x0000 ,
    0x7461 , 0xFFB3 , 0x0000 , 0x0000 , 0x0000 , 0xFFB2 , 0x0000 , 0x0000 ,
    0x0000 , 0xFFB1 , 0x0000 , 0x0000 , 0x0000 , 0x0000 , 0x0000 , 0x182D ,
    0x0000 , 0x0000 , 0x0000 , 0x0000 , 0x090C , 0x0000 , 0x616F , 0x1E49 ,
    0x1E4C , 0x0000 , 0x7676 , 0x084F , 0x0000 , 0x6B6B , 0xFFA1 , 0x0000 ,
    0xC5C5 , 0x1E52 , 0x0000 , 0x6961 , 0x1E5D , 0x0000 , 0x0000 , 0x0000 ,
    0x1E7B , 0x0000 , 0x0000 , 0x0000 , 0x1EA5 , 0x0068 , 0x8D72 , 0x042C ,
    0x0000 , 0xFF8F , 0x0000 , 0x084F , 0x0000 , 0x0000 , 0x0000 , 0x0000 ,
    0x0000 , 0x0000 , 0x0000 , 0x0000 , 0x0000 , 0x0000 , 0x0000 , 0x0000 ,
    0x0000 , 0x0000 , 0x0000 , 0x0000 , 0x0000 , 0x0000 , 0x0000 , 0x0000 ,
    0x0000 , 0x0000 , 0x045B , 0x0077 , 0x7464 , 0x096E , 0x0000 , 0x0000 ,
    0x0000 , 0x0000 , 0x0000 , 0x1E8E , 0x0000 , 0x0000 , 0x0000 , 0x0D15 ,
    0x0000 , 0x0000 , 0x0000 , 0x0000 , 0x0000 , 0x13A3 , 0x0000 , 0x7561 ,
    0x0AAE , 0x0000 , 0x0000 , 0x0000 , 0x0000 , 0x0000 , 0x0000 , 0x0000 ,
    0xFF8C , 0x0000 , 0x0000 , 0x0000 , 0x0000 , 0x0429 , 0x0000 , 0x0000 ,
    0x0000 , 0x0000 , 0x0000 , 0x0000 , 0x139F , 0x0074 , 0xA16E , 0xFF99 ,
    0x0000 , 0x0000 , 0x0000 , 0x0000 , 0x0000 , 0x04B0 , 0x0000 , 0x0000 ,
    0x0000 , 0x0000 , 0x0000 , 0x0000 , 0x0000 , 0x0000 , 0x0000 , 0x0000 ,
    0x0000 , 0x0000 , 0x0000 , 0x0000 , 0x0000 , 0x0000 , 0x0000 , 0x0000 ,
    0x0000 , 0x0000 , 0x0000 , 0x0000 , 0x0000 , 0x0000 , 0x0AF6 , 0x0000 ,
    0x0000 , 0x0000 , 0x0000 , 0x0000 , 0x0000 , 0x0000 , 0x0000 , 0x0000 ,
    0x0000 , 0x0000 , 0x0000 , 0x0000 , 0x0000 , 0x0000 , 0x0000 , 0x0000 ,
    0x0000 , 0x0000 , 0x04C1
};

static const unsigned short a_3[] = {
    0x0000 , 0x7561 , 0x0017 , 0x0000 , 0x0000 , 0x0000 , 0xFFFF , 0x0000 ,
    0x002B , 0x0035 , 0x0039 , 0x003C , 0x0000 , 0x0000 , 0x0040 , 0x0000 ,
    0x0039 , 0x0000 , 0x0000 , 0x0000 , 0x0000 , 0x004B , 0x0047 , 0x0001 ,
    0x6E67 , 0x0021 , 0x0000 , 0x0000 , 0x0000 , 0x0000 , 0x0000 , 0x0024 ,
    0x0028 , 0x0000 , 0x6F6F , 0xFFFF , 0x0000 , 0x6169 , 0xFFFF , 0xFFFF ,
    0x0000 , 0x6565 , 0xFFFF , 0x0000 , 0x6F6F , 0x002E , 0x0001 , 0x6E6E ,
    0x0031 , 0x0000 , 0x6165 , 0xFFFF , 0xFFFF , 0x0000 , 0x0002 , 0x0031 ,
    S(696E), 0x0001 , 0x6E6E , 0x0031 , 0x0000 , 0x0002 , 0x0031 , S(6F6E),
    0x0000 , 0x696F , 0x0044 , 0x0047 , 0x0000 , 0x6E6E , 0x0031 , 0x0001 ,
    0x0002 , 0xFFFF , S(6E65), 0x0000 , 0x0002 , 0xFFFF , S(736F)
};

static const unsigned char g_v[] = { 17, 65, 16 };

static const unsigned char g_sa[] = { 65, 4, 0, 0, 0, 0, 0, 0, 0, 0, 0, 4, 0, 0, 128 };

static const unsigned char g_ca[] = { 119, 95, 23, 1, 0, 0, 0, 0, 0, 0, 0, 0, 0, 0, 0, 0, 0, 0, 0, 0, 32, 136, 0, 0, 0, 0, 0, 0, 0, 0, 0, 128, 0, 0, 0, 16 };

static const unsigned char g_rg[] = { 1 };

extern int serbian_UTF_8_stem(struct SN_env * z) {
    int among_var;
    int i_p1;
    int b_no_diacritics;
    {
        int v_1 = z->c;
        while (1) {
            int v_2 = z->c;
            while (1) {
                int v_3 = z->c;
                z->bra = z->c;
                among_var = find_among(z, a_0);
                if (!among_var) goto lab3;
                z->ket = z->c;
                switch (among_var) {
                    case 1:
                        {
                            int ret = slice_from_s(z, 1, s_0);
                            if (ret < 0) return ret;
                        }
                        break;
                    case 2:
                        {
                            int ret = slice_from_s(z, 1, s_1);
                            if (ret < 0) return ret;
                        }
                        break;
                    case 3:
                        {
                            int ret = slice_from_s(z, 1, s_2);
                            if (ret < 0) return ret;
                        }
                        break;
                    case 4:
                        {
                            int ret = slice_from_s(z, 1, s_3);
                            if (ret < 0) return ret;
                        }
                        break;
                    case 5:
                        {
                            int ret = slice_from_s(z, 1, s_4);
                            if (ret < 0) return ret;
                        }
                        break;
                    case 6:
                        {
                            int ret = slice_from_s(z, 2, s_5);
                            if (ret < 0) return ret;
                        }
                        break;
                    case 7:
                        {
                            int ret = slice_from_s(z, 1, s_6);
                            if (ret < 0) return ret;
                        }
                        break;
                    case 8:
                        {
                            int ret = slice_from_s(z, 2, s_7);
                            if (ret < 0) return ret;
                        }
                        break;
                    case 9:
                        {
                            int ret = slice_from_s(z, 1, s_8);
                            if (ret < 0) return ret;
                        }
                        break;
                    case 10:
                        {
                            int ret = slice_from_s(z, 1, s_9);
                            if (ret < 0) return ret;
                        }
                        break;
                    case 11:
                        {
                            int ret = slice_from_s(z, 1, s_10);
                            if (ret < 0) return ret;
                        }
                        break;
                    case 12:
                        {
                            int ret = slice_from_s(z, 1, s_11);
                            if (ret < 0) return ret;
                        }
                        break;
                    case 13:
                        {
                            int ret = slice_from_s(z, 1, s_12);
                            if (ret < 0) return ret;
                        }
                        break;
                    case 14:
                        {
                            int ret = slice_from_s(z, 2, s_12);
                            if (ret < 0) return ret;
                        }
                        break;
                    case 15:
                        {
                            int ret = slice_from_s(z, 1, s_13);
                            if (ret < 0) return ret;
                        }
                        break;
                    case 16:
                        {
                            int ret = slice_from_s(z, 1, s_14);
                            if (ret < 0) return ret;
                        }
                        break;
                    case 17:
                        {
                            int ret = slice_from_s(z, 2, s_14);
                            if (ret < 0) return ret;
                        }
                        break;
                    case 18:
                        {
                            int ret = slice_from_s(z, 1, s_15);
                            if (ret < 0) return ret;
                        }
                        break;
                    case 19:
                        {
                            int ret = slice_from_s(z, 1, s_16);
                            if (ret < 0) return ret;
                        }
                        break;
                    case 20:
                        {
                            int ret = slice_from_s(z, 1, s_17);
                            if (ret < 0) return ret;
                        }
                        break;
                    case 21:
                        {
                            int ret = slice_from_s(z, 1, s_18);
                            if (ret < 0) return ret;
                        }
                        break;
                    case 22:
                        {
                            int ret = slice_from_s(z, 1, s_19);
                            if (ret < 0) return ret;
                        }
                        break;
                    case 23:
                        {
                            int ret = slice_from_s(z, 2, s_20);
                            if (ret < 0) return ret;
                        }
                        break;
                    case 24:
                        {
                            int ret = slice_from_s(z, 1, s_21);
                            if (ret < 0) return ret;
                        }
                        break;
                    case 25:
                        {
                            int ret = slice_from_s(z, 1, s_22);
                            if (ret < 0) return ret;
                        }
                        break;
                    case 26:
                        {
                            int ret = slice_from_s(z, 1, s_23);
                            if (ret < 0) return ret;
                        }
                        break;
                    case 27:
                        {
                            int ret = slice_from_s(z, 1, s_24);
                            if (ret < 0) return ret;
                        }
                        break;
                    case 28:
                        {
                            int ret = slice_from_s(z, 2, s_25);
                            if (ret < 0) return ret;
                        }
                        break;
                    case 29:
                        {
                            int ret = slice_from_s(z, 3, s_4);
                            if (ret < 0) return ret;
                        }
                        break;
                    case 30:
                        {
                            int ret = slice_from_s(z, 2, s_26);
                            if (ret < 0) return ret;
                        }
                        break;
                }
                z->c = v_3;
                break;
            lab3:
                z->c = v_3;
                {
                    int ret = skip_utf8(z->p, z->c, z->l, 1);
                    if (ret < 0) goto lab2;
                    z->c = ret;
                }
            }
            continue;
        lab2:
            z->c = v_2;
            break;
        }
        z->c = v_1;
    }
    {
        int v_4 = z->c;
        while (1) {
            int v_5 = z->c;
            while (1) {
                int v_6 = z->c;
                if (in_grouping_U(z, g_ca, 98, 382, 0)) goto lab7;
                z->bra = z->c;
                if (!(eq_s(z, 3, s_9))) goto lab7;
                z->ket = z->c;
                if (in_grouping_U(z, g_ca, 98, 382, 0)) goto lab7;
                {
                    int ret = slice_from_s(z, 1, s_6);
                    if (ret < 0) return ret;
                }
                z->c = v_6;
                break;
            lab7:
                z->c = v_6;
                {
                    int ret = skip_utf8(z->p, z->c, z->l, 1);
                    if (ret < 0) goto lab6;
                    z->c = ret;
                }
            }
            continue;
        lab6:
            z->c = v_5;
            break;
        }
        z->c = v_4;
    }
    {
        int v_7 = z->c;
        while (1) {
            int v_8 = z->c;
            while (1) {
                int v_9 = z->c;
                if (in_grouping_U(z, g_ca, 98, 382, 0)) goto lab10;
                z->bra = z->c;
                if (!(eq_s(z, 2, s_10))) goto lab10;
                z->ket = z->c;
                if (in_grouping_U(z, g_ca, 98, 382, 0)) goto lab10;
                {
                    int ret = slice_from_s(z, 1, s_6);
                    if (ret < 0) return ret;
                }
                z->c = v_9;
                break;
            lab10:
                z->c = v_9;
                {
                    int ret = skip_utf8(z->p, z->c, z->l, 1);
                    if (ret < 0) goto lab9;
                    z->c = ret;
                }
            }
            continue;
        lab9:
            z->c = v_8;
            break;
        }
        z->c = v_7;
    }
    {
        int v_10 = z->c;
        while (1) {
            int v_11 = z->c;
            while (1) {
                int v_12 = z->c;
                z->bra = z->c;
                if (!(eq_s(z, 2, s_27))) goto lab13;
                z->ket = z->c;
                {
                    int ret = slice_from_s(z, 2, s_5);
                    if (ret < 0) return ret;
                }
                z->c = v_12;
                break;
            lab13:
                z->c = v_12;
                {
                    int ret = skip_utf8(z->p, z->c, z->l, 1);
                    if (ret < 0) goto lab12;
                    z->c = ret;
                }
            }
            continue;
        lab12:
            z->c = v_11;
            break;
        }
        z->c = v_10;
    }
    b_no_diacritics = 1;
    {
        int v_13 = z->c;
        {
            int ret = out_grouping_U(z, g_sa, 263, 382, 1);
            if (ret < 0) goto lab15;
            z->c += ret;
        }
        b_no_diacritics = 0;
    lab15:
        z->c = v_13;
    }
    i_p1 = z->l;
    {
        int v_14 = z->c;
        {
            int ret = out_grouping_U(z, g_v, 97, 117, 1);
            if (ret < 0) goto lab16;
            z->c += ret;
        }
        i_p1 = z->c;
        if (i_p1 > 1) goto lab16;
        {
            int ret = in_grouping_U(z, g_v, 97, 117, 1);
            if (ret < 0) goto lab16;
            z->c += ret;
        }
        i_p1 = z->c;
    lab16:
        z->c = v_14;
    }
    {
        int v_15 = z->c;
        while (1) {
            if (z->c == z->l || z->p[z->c] != 'r') goto lab18;
            z->c++;
            break;
        lab18:
            {
                int ret = skip_utf8(z->p, z->c, z->l, 1);
                if (ret < 0) goto lab17;
                z->c = ret;
            }
        }
        do {
            if (z->c < 2) goto lab19;
            break;
        lab19:
            {
                int ret = in_grouping_U(z, g_rg, 114, 114, 1);
                if (ret < 0) goto lab17;
                z->c += ret;
            }
        } while (0);
        if ((i_p1 - z->c) < 2) goto lab17;
        i_p1 = z->c;
    lab17:
        z->c = v_15;
    }
    z->lb = z->c; z->c = z->l;
    {
        int v_16 = z->l - z->c;
        z->ket = z->c;
        if (z->c - 2 <= z->lb || z->p[z->c - 1] >> 5 != 3 || !((3435050 >> (z->p[z->c - 1] & 0x1f)) & 1)) goto lab20;
        among_var = find_among_b(z, a_1);
        if (!among_var) goto lab20;
        z->bra = z->c;
        switch (among_var) {
            case 1:
                {
                    int ret = slice_from_s(z, 4, s_28);
                    if (ret < 0) return ret;
                }
                break;
            case 2:
                {
                    int ret = slice_from_s(z, 3, s_16);
                    if (ret < 0) return ret;
                }
                break;
            case 3:
                {
                    int ret = slice_from_s(z, 5, s_2);
                    if (ret < 0) return ret;
                }
                break;
            case 4:
                {
                    int ret = slice_from_s(z, 5, s_1);
                    if (ret < 0) return ret;
                }
                break;
            case 5:
                {
                    int ret = slice_from_s(z, 3, s_29);
                    if (ret < 0) return ret;
                }
                break;
            case 6:
                {
                    int ret = slice_from_s(z, 6, s_25);
                    if (ret < 0) return ret;
                }
                break;
            case 7:
                if (!b_no_diacritics) goto lab20;
                {
                    int ret = slice_from_s(z, 5, s_24);
                    if (ret < 0) return ret;
                }
                break;
            case 8:
                {
                    int ret = slice_from_s(z, 4, s_6);
                    if (ret < 0) return ret;
                }
                break;
            case 9:
                {
                    int ret = slice_from_s(z, 5, s_30);
                    if (ret < 0) return ret;
                }
                break;
            case 10:
                {
                    int ret = slice_from_s(z, 4, s_31);
                    if (ret < 0) return ret;
                }
                break;
            case 11:
                {
                    int ret = slice_from_s(z, 5, s_0);
                    if (ret < 0) return ret;
                }
                break;
            case 12:
                {
                    int ret = slice_from_s(z, 4, s_32);
                    if (ret < 0) return ret;
                }
                break;
            case 13:
                {
                    int ret = slice_from_s(z, 4, s_12);
                    if (ret < 0) return ret;
                }
                break;
            case 14:
                {
                    int ret = slice_from_s(z, 4, s_33);
                    if (ret < 0) return ret;
                }
                break;
            case 15:
                {
                    int ret = slice_from_s(z, 4, s_15);
                    if (ret < 0) return ret;
                }
                break;
            case 16:
                {
                    int ret = slice_from_s(z, 4, s_34);
                    if (ret < 0) return ret;
                }
                break;
            case 17:
                {
                    int ret = slice_from_s(z, 4, s_35);
                    if (ret < 0) return ret;
                }
                break;
            case 18:
                {
                    int ret = slice_from_s(z, 4, s_26);
                    if (ret < 0) return ret;
                }
                break;
            case 19:
                {
                    int ret = slice_from_s(z, 3, s_36);
                    if (ret < 0) return ret;
                }
                break;
            case 20:
                {
                    int ret = slice_from_s(z, 6, s_19);
                    if (ret < 0) return ret;
                }
                break;
            case 21:
                {
                    int ret = slice_from_s(z, 6, s_37);
                    if (ret < 0) return ret;
                }
                break;
            case 22:
                {
                    int ret = slice_from_s(z, 5, s_38);
                    if (ret < 0) return ret;
                }
                break;
            case 23:
                {
                    int ret = slice_from_s(z, 3, s_39);
                    if (ret < 0) return ret;
                }
                break;
            case 24:
                {
                    int ret = slice_from_s(z, 3, s_40);
                    if (ret < 0) return ret;
                }
                break;
            case 25:
                {
                    int ret = slice_from_s(z, 3, s_8);
                    if (ret < 0) return ret;
                }
                break;
            case 26:
                {
                    int ret = slice_from_s(z, 4, s_18);
                    if (ret < 0) return ret;
                }
                break;
            case 27:
                {
                    int ret = slice_from_s(z, 4, s_11);
                    if (ret < 0) return ret;
                }
                break;
            case 28:
                {
                    int ret = slice_from_s(z, 5, s_41);
                    if (ret < 0) return ret;
                }
                break;
            case 29:
                {
                    int ret = slice_from_s(z, 6, s_42);
                    if (ret < 0) return ret;
                }
                break;
            case 30:
                {
                    int ret = slice_from_s(z, 6, s_43);
                    if (ret < 0) return ret;
                }
                break;
            case 31:
                if (!b_no_diacritics) goto lab20;
                {
                    int ret = slice_from_s(z, 5, s_44);
                    if (ret < 0) return ret;
                }
                break;
            case 32:
                {
                    int ret = slice_from_s(z, 5, s_45);
                    if (ret < 0) return ret;
                }
                break;
            case 33:
                {
                    int ret = slice_from_s(z, 5, s_46);
                    if (ret < 0) return ret;
                }
                break;
            case 34:
                {
                    int ret = slice_from_s(z, 5, s_47);
                    if (ret < 0) return ret;
                }
                break;
            case 35:
                {
                    int ret = slice_from_s(z, 6, s_48);
                    if (ret < 0) return ret;
                }
                break;
            case 36:
                {
                    int ret = slice_from_s(z, 5, s_49);
                    if (ret < 0) return ret;
                }
                break;
            case 37:
                {
                    int ret = slice_from_s(z, 5, s_3);
                    if (ret < 0) return ret;
                }
                break;
            case 38:
                {
                    int ret = slice_from_s(z, 5, s_17);
                    if (ret < 0) return ret;
                }
                break;
            case 39:
                {
                    int ret = slice_from_s(z, 5, s_50);
                    if (ret < 0) return ret;
                }
                break;
            case 40:
                {
                    int ret = slice_from_s(z, 4, s_51);
                    if (ret < 0) return ret;
                }
                break;
            case 41:
                {
                    int ret = slice_from_s(z, 4, s_52);
                    if (ret < 0) return ret;
                }
                break;
            case 42:
                {
                    int ret = slice_from_s(z, 4, s_53);
                    if (ret < 0) return ret;
                }
                break;
            case 43:
                {
                    int ret = slice_from_s(z, 6, s_54);
                    if (ret < 0) return ret;
                }
                break;
            case 44:
                {
                    int ret = slice_from_s(z, 6, s_55);
                    if (ret < 0) return ret;
                }
                break;
            case 45:
                {
                    int ret = slice_from_s(z, 5, s_56);
                    if (ret < 0) return ret;
                }
                break;
            case 46:
                {
                    int ret = slice_from_s(z, 5, s_57);
                    if (ret < 0) return ret;
                }
                break;
            case 47:
                {
                    int ret = slice_from_s(z, 4, s_58);
                    if (ret < 0) return ret;
                }
                break;
            case 48:
                {
                    int ret = slice_from_s(z, 4, s_59);
                    if (ret < 0) return ret;
                }
                break;
            case 49:
                {
                    int ret = slice_from_s(z, 5, s_60);
                    if (ret < 0) return ret;
                }
                break;
            case 50:
                {
                    int ret = slice_from_s(z, 6, s_61);
                    if (ret < 0) return ret;
                }
                break;
            case 51:
                {
                    int ret = slice_from_s(z, 5, s_62);
                    if (ret < 0) return ret;
                }
                break;
            case 52:
                if (!b_no_diacritics) goto lab20;
                {
                    int ret = slice_from_s(z, 4, s_63);
                    if (ret < 0) return ret;
                }
                break;
            case 53:
                {
                    int ret = slice_from_s(z, 4, s_64);
                    if (ret < 0) return ret;
                }
                break;
            case 54:
                {
                    int ret = slice_from_s(z, 5, s_65);
                    if (ret < 0) return ret;
                }
                break;
            case 55:
                if (!b_no_diacritics) goto lab20;
                {
                    int ret = slice_from_s(z, 4, s_66);
                    if (ret < 0) return ret;
                }
                break;
            case 56:
                {
                    int ret = slice_from_s(z, 5, s_21);
                    if (ret < 0) return ret;
                }
                break;
            case 57:
                if (!b_no_diacritics) goto lab20;
                {
                    int ret = slice_from_s(z, 4, s_67);
                    if (ret < 0) return ret;
                }
                break;
            case 58:
                {
                    int ret = slice_from_s(z, 4, s_68);
                    if (ret < 0) return ret;
                }
                break;
            case 59:
                {
                    int ret = slice_from_s(z, 4, s_69);
                    if (ret < 0) return ret;
                }
                break;
            case 60:
                {
                    int ret = slice_from_s(z, 4, s_70);
                    if (ret < 0) return ret;
                }
                break;
            case 61:
                {
                    int ret = slice_from_s(z, 4, s_71);
                    if (ret < 0) return ret;
                }
                break;
            case 62:
                {
                    int ret = slice_from_s(z, 4, s_72);
                    if (ret < 0) return ret;
                }
                break;
            case 63:
                {
                    int ret = slice_from_s(z, 5, s_73);
                    if (ret < 0) return ret;
                }
                break;
            case 64:
                {
                    int ret = slice_from_s(z, 6, s_74);
                    if (ret < 0) return ret;
                }
                break;
            case 65:
                if (!b_no_diacritics) goto lab20;
                {
                    int ret = slice_from_s(z, 5, s_75);
                    if (ret < 0) return ret;
                }
                break;
            case 66:
                {
                    int ret = slice_from_s(z, 5, s_76);
                    if (ret < 0) return ret;
                }
                break;
            case 67:
                {
                    int ret = slice_from_s(z, 4, s_77);
                    if (ret < 0) return ret;
                }
                break;
            case 68:
                {
                    int ret = slice_from_s(z, 5, s_13);
                    if (ret < 0) return ret;
                }
                break;
            case 69:
                {
                    int ret = slice_from_s(z, 6, s_78);
                    if (ret < 0) return ret;
                }
                break;
            case 70:
                {
                    int ret = slice_from_s(z, 5, s_79);
                    if (ret < 0) return ret;
                }
                break;
            case 71:
                {
                    int ret = slice_from_s(z, 4, s_80);
                    if (ret < 0) return ret;
                }
                break;
            case 72:
                if (!b_no_diacritics) goto lab20;
                {
                    int ret = slice_from_s(z, 4, s_80);
                    if (ret < 0) return ret;
                }
                break;
            case 73:
                {
                    int ret = slice_from_s(z, 3, s_81);
                    if (ret < 0) return ret;
                }
                break;
            case 74:
                {
                    int ret = slice_from_s(z, 4, s_82);
                    if (ret < 0) return ret;
                }
                break;
            case 75:
                {
                    int ret = slice_from_s(z, 3, s_83);
                    if (ret < 0) return ret;
                }
                break;
            case 76:
                {
                    int ret = slice_from_s(z, 3, s_84);
                    if (ret < 0) return ret;
                }
                break;
            case 77:
                {
                    int ret = slice_from_s(z, 6, s_85);
                    if (ret < 0) return ret;
                }
                break;
            case 78:
                {
                    int ret = slice_from_s(z, 4, s_86);
                    if (ret < 0) return ret;
                }
                break;
            case 79:
                {
                    int ret = slice_from_s(z, 3, s_87);
                    if (ret < 0) return ret;
                }
                break;
            case 80:
                {
                    int ret = slice_from_s(z, 3, s_88);
                    if (ret < 0) return ret;
                }
                break;
            case 81:
                {
                    int ret = slice_from_s(z, 3, s_89);
                    if (ret < 0) return ret;
                }
                break;
            case 82:
                {
                    int ret = slice_from_s(z, 4, s_90);
                    if (ret < 0) return ret;
                }
                break;
            case 83:
                {
                    int ret = slice_from_s(z, 4, s_91);
                    if (ret < 0) return ret;
                }
                break;
            case 84:
                {
                    int ret = slice_from_s(z, 4, s_92);
                    if (ret < 0) return ret;
                }
                break;
            case 85:
                {
                    int ret = slice_from_s(z, 4, s_14);
                    if (ret < 0) return ret;
                }
                break;
            case 86:
                {
                    int ret = slice_from_s(z, 4, s_93);
                    if (ret < 0) return ret;
                }
                break;
            case 87:
                {
                    int ret = slice_from_s(z, 4, s_94);
                    if (ret < 0) return ret;
                }
                break;
            case 88:
                {
                    int ret = slice_from_s(z, 4, s_10);
                    if (ret < 0) return ret;
                }
                break;
            case 89:
                {
                    int ret = slice_from_s(z, 4, s_95);
                    if (ret < 0) return ret;
                }
                break;
            case 90:
                {
                    int ret = slice_from_s(z, 5, s_96);
                    if (ret < 0) return ret;
                }
                break;
            case 91:
                if (!b_no_diacritics) goto lab20;
                {
                    int ret = slice_from_s(z, 4, s_97);
                    if (ret < 0) return ret;
                }
                break;
        }
    lab20:
        z->c = z->l - v_16;
    }
    {
        int v_17 = z->l - z->c;
        do {
            int v_18 = z->l - z->c;
            z->ket = z->c;
            among_var = find_among_b(z, a_2);
            if (!among_var) goto lab22;
            z->bra = z->c;
            if (i_p1 > z->c) goto lab22;
            switch (among_var) {
                case 1:
                    {
                        int ret = slice_from_s(z, 2, s_98);
                        if (ret < 0) return ret;
                    }
                    break;
                case 2:
                    {
                        int ret = slice_from_s(z, 3, s_99);
                        if (ret < 0) return ret;
                    }
                    break;
                case 3:
                    {
                        int ret = slice_from_s(z, 3, s_100);
                        if (ret < 0) return ret;
                    }
                    break;
                case 4:
                    {
                        int ret = slice_from_s(z, 4, s_101);
                        if (ret < 0) return ret;
                    }
                    break;
                case 5:
                    {
                        int ret = slice_from_s(z, 5, s_102);
                        if (ret < 0) return ret;
                    }
                    break;
                case 6:
                    {
                        int ret = slice_from_s(z, 5, s_103);
                        if (ret < 0) return ret;
                    }
                    break;
                case 7:
                    {
                        int ret = slice_from_s(z, 5, s_104);
                        if (ret < 0) return ret;
                    }
                    break;
                case 8:
                    {
                        int ret = slice_from_s(z, 5, s_105);
                        if (ret < 0) return ret;
                    }
                    break;
                case 9:
                    {
                        int ret = slice_from_s(z, 5, s_106);
                        if (ret < 0) return ret;
                    }
                    break;
                case 10:
                    {
                        int ret = slice_from_s(z, 2, s_0);
                        if (ret < 0) return ret;
                    }
                    break;
                case 11:
                    {
                        int ret = slice_from_s(z, 2, s_36);
                        if (ret < 0) return ret;
                    }
                    break;
                case 12:
                    {
                        int ret = slice_from_s(z, 2, s_107);
                        if (ret < 0) return ret;
                    }
                    break;
                case 13:
                    {
                        int ret = slice_from_s(z, 1, s_14);
                        if (ret < 0) return ret;
                    }
                    break;
                case 14:
                    {
                        int ret = slice_from_s(z, 3, s_108);
                        if (ret < 0) return ret;
                    }
                    break;
                case 15:
                    {
                        int ret = slice_from_s(z, 3, s_109);
                        if (ret < 0) return ret;
                    }
                    break;
                case 16:
                    {
                        int ret = slice_from_s(z, 3, s_110);
                        if (ret < 0) return ret;
                    }
                    break;
                case 17:
                    {
                        int ret = slice_from_s(z, 4, s_111);
                        if (ret < 0) return ret;
                    }
                    break;
                case 18:
                    {
                        int ret = slice_from_s(z, 2, s_111);
                        if (ret < 0) return ret;
                    }
                    break;
                case 19:
                    {
                        int ret = slice_from_s(z, 3, s_28);
                        if (ret < 0) return ret;
                    }
                    break;
                case 20:
                    {
                        int ret = slice_from_s(z, 1, s_3);
                        if (ret < 0) return ret;
                    }
                    break;
                case 21:
                    {
                        int ret = slice_from_s(z, 4, s_112);
                        if (ret < 0) return ret;
                    }
                    break;
                case 22:
                    {
                        int ret = slice_from_s(z, 3, s_113);
                        if (ret < 0) return ret;
                    }
                    break;
                case 23:
                    {
                        int ret = slice_from_s(z, 2, s_49);
                        if (ret < 0) return ret;
                    }
                    break;
                case 24:
                    {
                        int ret = slice_from_s(z, 2, s_114);
                        if (ret < 0) return ret;
                    }
                    break;
                case 25:
                    {
                        int ret = slice_from_s(z, 2, s_115);
                        if (ret < 0) return ret;
                    }
                    break;
                case 26:
                    {
                        int ret = slice_from_s(z, 3, s_24);
                        if (ret < 0) return ret;
                    }
                    break;
                case 27:
                    {
                        int ret = slice_from_s(z, 4, s_25);
                        if (ret < 0) return ret;
                    }
                    break;
                case 28:
                    {
                        int ret = slice_from_s(z, 4, s_20);
                        if (ret < 0) return ret;
                    }
                    break;
                case 29:
                    {
                        int ret = slice_from_s(z, 4, s_5);
                        if (ret < 0) return ret;
                    }
                    break;
                case 30:
                    {
                        int ret = slice_from_s(z, 3, s_116);
                        if (ret < 0) return ret;
                    }
                    break;
                case 31:
                    {
                        int ret = slice_from_s(z, 3, s_117);
                        if (ret < 0) return ret;
                    }
                    break;
                case 32:
                    {
                        int ret = slice_from_s(z, 3, s_118);
                        if (ret < 0) return ret;
                    }
                    break;
                case 33:
                    {
                        int ret = slice_from_s(z, 3, s_119);
                        if (ret < 0) return ret;
                    }
                    break;
                case 34:
                    {
                        int ret = slice_from_s(z, 3, s_120);
                        if (ret < 0) return ret;
                    }
                    break;
                case 35:
                    {
                        int ret = slice_from_s(z, 3, s_114);
                        if (ret < 0) return ret;
                    }
                    break;
                case 36:
                    {
                        int ret = slice_from_s(z, 3, s_121);
                        if (ret < 0) return ret;
                    }
                    break;
                case 37:
                    {
                        int ret = slice_from_s(z, 3, s_122);
                        if (ret < 0) return ret;
                    }
                    break;
                case 38:
                    {
                        int ret = slice_from_s(z, 4, s_7);
                        if (ret < 0) return ret;
                    }
                    break;
                case 39:
                    {
                        int ret = slice_from_s(z, 3, s_123);
                        if (ret < 0) return ret;
                    }
                    break;
                case 40:
                    {
                        int ret = slice_from_s(z, 3, s_22);
                        if (ret < 0) return ret;
                    }
                    break;
                case 41:
                    {
                        int ret = slice_from_s(z, 3, s_124);
                        if (ret < 0) return ret;
                    }
                    break;
                case 42:
                    {
                        int ret = slice_from_s(z, 3, s_125);
                        if (ret < 0) return ret;
                    }
                    break;
                case 43:
                    {
                        int ret = slice_from_s(z, 3, s_126);
                        if (ret < 0) return ret;
                    }
                    break;
                case 44:
                    {
                        int ret = slice_from_s(z, 3, s_127);
                        if (ret < 0) return ret;
                    }
                    break;
                case 45:
                    {
                        int ret = slice_from_s(z, 3, s_128);
                        if (ret < 0) return ret;
                    }
                    break;
                case 46:
                    {
                        int ret = slice_from_s(z, 3, s_129);
                        if (ret < 0) return ret;
                    }
                    break;
                case 47:
                    {
                        int ret = slice_from_s(z, 4, s_130);
                        if (ret < 0) return ret;
                    }
                    break;
                case 48:
                    {
                        int ret = slice_from_s(z, 4, s_131);
                        if (ret < 0) return ret;
                    }
                    break;
                case 49:
                    {
                        int ret = slice_from_s(z, 4, s_132);
                        if (ret < 0) return ret;
                    }
                    break;
                case 50:
                    {
                        int ret = slice_from_s(z, 2, s_92);
                        if (ret < 0) return ret;
                    }
                    break;
                case 51:
                    {
                        int ret = slice_from_s(z, 3, s_133);
                        if (ret < 0) return ret;
                    }
                    break;
                case 52:
                    {
                        int ret = slice_from_s(z, 3, s_134);
                        if (ret < 0) return ret;
                    }
                    break;
                case 53:
                    {
                        int ret = slice_from_s(z, 2, s_135);
                        if (ret < 0) return ret;
                    }
                    break;
                case 54:
                    {
                        int ret = slice_from_s(z, 2, s_136);
                        if (ret < 0) return ret;
                    }
                    break;
                case 55:
                    {
                        int ret = slice_from_s(z, 2, s_6);
                        if (ret < 0) return ret;
                    }
                    break;
                case 56:
                    {
                        int ret = slice_from_s(z, 2, s_137);
                        if (ret < 0) return ret;
                    }
                    break;
                case 57:
                    {
                        int ret = slice_from_s(z, 2, s_31);
                        if (ret < 0) return ret;
                    }
                    break;
                case 58:
                    {
                        int ret = slice_from_s(z, 2, s_79);
                        if (ret < 0) return ret;
                    }
                    break;
                case 59:
                    {
                        int ret = slice_from_s(z, 4, s_138);
                        if (ret < 0) return ret;
                    }
                    break;
                case 60:
                    {
                        int ret = slice_from_s(z, 4, s_139);
                        if (ret < 0) return ret;
                    }
                    break;
                case 61:
                    {
                        int ret = slice_from_s(z, 4, s_140);
                        if (ret < 0) return ret;
                    }
                    break;
                case 62:
                    {
                        int ret = slice_from_s(z, 4, s_141);
                        if (ret < 0) return ret;
                    }
                    break;
                case 63:
                    {
                        int ret = slice_from_s(z, 4, s_142);
                        if (ret < 0) return ret;
                    }
                    break;
                case 64:
                    {
                        int ret = slice_from_s(z, 4, s_143);
                        if (ret < 0) return ret;
                    }
                    break;
                case 65:
                    {
                        int ret = slice_from_s(z, 4, s_144);
                        if (ret < 0) return ret;
                    }
                    break;
                case 66:
                    {
                        int ret = slice_from_s(z, 3, s_145);
                        if (ret < 0) return ret;
                    }
                    break;
                case 67:
                    {
                        int ret = slice_from_s(z, 3, s_146);
                        if (ret < 0) return ret;
                    }
                    break;
                case 68:
                    {
                        int ret = slice_from_s(z, 4, s_147);
                        if (ret < 0) return ret;
                    }
                    break;
                case 69:
                    {
                        int ret = slice_from_s(z, 3, s_148);
                        if (ret < 0) return ret;
                    }
                    break;
                case 70:
                    {
                        int ret = slice_from_s(z, 2, s_69);
                        if (ret < 0) return ret;
                    }
                    break;
                case 71:
                    {
                        int ret = slice_from_s(z, 3, s_149);
                        if (ret < 0) return ret;
                    }
                    break;
                case 72:
                    {
                        int ret = slice_from_s(z, 3, s_79);
                        if (ret < 0) return ret;
                    }
                    break;
                case 73:
                    {
                        int ret = slice_from_s(z, 3, s_150);
                        if (ret < 0) return ret;
                    }
                    break;
                case 74:
                    {
                        int ret = slice_from_s(z, 3, s_80);
                        if (ret < 0) return ret;
                    }
                    break;
                case 75:
                    {
                        int ret = slice_from_s(z, 4, s_146);
                        if (ret < 0) return ret;
                    }
                    break;
                case 76:
                    {
                        int ret = slice_from_s(z, 3, s_151);
                        if (ret < 0) return ret;
                    }
                    break;
                case 77:
                    {
                        int ret = slice_from_s(z, 2, s_48);
                        if (ret < 0) return ret;
                    }
                    break;
                case 78:
                    {
                        int ret = slice_from_s(z, 2, s_152);
                        if (ret < 0) return ret;
                    }
                    break;
                case 79:
                    {
                        int ret = slice_from_s(z, 2, s_153);
                        if (ret < 0) return ret;
                    }
                    break;
                case 80:
                    {
                        int ret = slice_from_s(z, 2, s_151);
                        if (ret < 0) return ret;
                    }
                    break;
                case 81:
                    {
                        int ret = slice_from_s(z, 3, s_154);
                        if (ret < 0) return ret;
                    }
                    break;
                case 82:
                    {
                        int ret = slice_from_s(z, 3, s_155);
                        if (ret < 0) return ret;
                    }
                    break;
                case 83:
                    {
                        int ret = slice_from_s(z, 2, s_91);
                        if (ret < 0) return ret;
                    }
                    break;
                case 84:
                    {
                        int ret = slice_from_s(z, 3, s_0);
                        if (ret < 0) return ret;
                    }
                    break;
                case 85:
                    {
                        int ret = slice_from_s(z, 3, s_156);
                        if (ret < 0) return ret;
                    }
                    break;
                case 86:
                    {
                        int ret = slice_from_s(z, 4, s_157);
                        if (ret < 0) return ret;
                    }
                    break;
                case 87:
                    {
                        int ret = slice_from_s(z, 2, s_59);
                        if (ret < 0) return ret;
                    }
                    break;
                case 88:
                    {
                        int ret = slice_from_s(z, 3, s_157);
                        if (ret < 0) return ret;
                    }
                    break;
                case 89:
                    {
                        int ret = slice_from_s(z, 4, s_158);
                        if (ret < 0) return ret;
                    }
                    break;
                case 90:
                    {
                        int ret = slice_from_s(z, 5, s_159);
                        if (ret < 0) return ret;
                    }
                    break;
                case 91:
                    {
                        int ret = slice_from_s(z, 3, s_160);
                        if (ret < 0) return ret;
                    }
                    break;
                case 92:
                    {
                        int ret = slice_from_s(z, 4, s_152);
                        if (ret < 0) return ret;
                    }
                    break;
                case 93:
                    {
                        int ret = slice_from_s(z, 4, s_161);
                        if (ret < 0) return ret;
                    }
                    break;
                case 94:
                    {
                        int ret = slice_from_s(z, 3, s_162);
                        if (ret < 0) return ret;
                    }
                    break;
                case 95:
                    {
                        int ret = slice_from_s(z, 1, s_11);
                        if (ret < 0) return ret;
                    }
                    break;
                case 96:
                    {
                        int ret = slice_from_s(z, 3, s_163);
                        if (ret < 0) return ret;
                    }
                    break;
                case 97:
                    {
                        int ret = slice_from_s(z, 3, s_164);
                        if (ret < 0) return ret;
                    }
                    break;
                case 98:
                    {
                        int ret = slice_from_s(z, 3, s_153);
                        if (ret < 0) return ret;
                    }
                    break;
                case 99:
                    {
                        int ret = slice_from_s(z, 3, s_165);
                        if (ret < 0) return ret;
                    }
                    break;
                case 100:
                    {
                        int ret = slice_from_s(z, 2, s_166);
                        if (ret < 0) return ret;
                    }
                    break;
                case 101:
                    {
                        int ret = slice_from_s(z, 3, s_65);
                        if (ret < 0) return ret;
                    }
                    break;
                case 102:
                    {
                        int ret = slice_from_s(z, 4, s_167);
                        if (ret < 0) return ret;
                    }
                    break;
                case 103:
                    {
                        int ret = slice_from_s(z, 2, s_39);
                        if (ret < 0) return ret;
                    }
                    break;
                case 104:
                    {
                        int ret = slice_from_s(z, 1, s_0);
                        if (ret < 0) return ret;
                    }
                    break;
                case 105:
                    {
                        int ret = slice_from_s(z, 2, s_168);
                        if (ret < 0) return ret;
                    }
                    break;
                case 106:
                    {
                        int ret = slice_from_s(z, 5, s_162);
                        if (ret < 0) return ret;
                    }
                    break;
                case 107:
                    {
                        int ret = slice_from_s(z, 5, s_169);
                        if (ret < 0) return ret;
                    }
                    break;
                case 108:
                    {
                        int ret = slice_from_s(z, 5, s_170);
                        if (ret < 0) return ret;
                    }
                    break;
                case 109:
                    {
                        int ret = slice_from_s(z, 2, s_32);
                        if (ret < 0) return ret;
                    }
                    break;
                case 110:
                    {
                        int ret = slice_from_s(z, 4, s_162);
                        if (ret < 0) return ret;
                    }
                    break;
                case 111:
                    {
                        int ret = slice_from_s(z, 4, s_169);
                        if (ret < 0) return ret;
                    }
                    break;
                case 112:
                    {
                        int ret = slice_from_s(z, 4, s_170);
                        if (ret < 0) return ret;
                    }
                    break;
                case 113:
                    {
                        int ret = slice_from_s(z, 2, s_102);
                        if (ret < 0) return ret;
                    }
                    break;
                case 114:
                    {
                        int ret = slice_from_s(z, 3, s_171);
                        if (ret < 0) return ret;
                    }
                    break;
                case 115:
                    {
                        int ret = slice_from_s(z, 2, s_97);
                        if (ret < 0) return ret;
                    }
                    break;
                case 116:
                    {
                        int ret = slice_from_s(z, 1, s_9);
                        if (ret < 0) return ret;
                    }
                    break;
                case 117:
                    {
                        int ret = slice_from_s(z, 4, s_172);
                        if (ret < 0) return ret;
                    }
                    break;
                case 118:
                    {
                        int ret = slice_from_s(z, 4, s_173);
                        if (ret < 0) return ret;
                    }
                    break;
                case 119:
                    {
                        int ret = slice_from_s(z, 1, s_6);
                        if (ret < 0) return ret;
                    }
                    break;
                case 120:
                    {
                        int ret = slice_from_s(z, 2, s_58);
                        if (ret < 0) return ret;
                    }
                    break;
                case 121:
                    if (!b_no_diacritics) goto lab22;
                    {
                        int ret = slice_from_s(z, 3, s_174);
                        if (ret < 0) return ret;
                    }
                    break;
                case 122:
                    if (!b_no_diacritics) goto lab22;
                    {
                        int ret = slice_from_s(z, 3, s_175);
                        if (ret < 0) return ret;
                    }
                    break;
                case 123:
                    if (!b_no_diacritics) goto lab22;
                    {
                        int ret = slice_from_s(z, 2, s_80);
                        if (ret < 0) return ret;
                    }
                    break;
                case 124:
                    if (!b_no_diacritics) goto lab22;
                    {
                        int ret = slice_from_s(z, 2, s_66);
                        if (ret < 0) return ret;
                    }
                    break;
                case 125:
                    if (!b_no_diacritics) goto lab22;
                    {
                        int ret = slice_from_s(z, 2, s_176);
                        if (ret < 0) return ret;
                    }
                    break;
                case 126:
                    if (!b_no_diacritics) goto lab22;
                    {
                        int ret = slice_from_s(z, 2, s_177);
                        if (ret < 0) return ret;
                    }
                    break;
                case 127:
                    if (!b_no_diacritics) goto lab22;
                    {
                        int ret = slice_from_s(z, 4, s_178);
                        if (ret < 0) return ret;
                    }
                    break;
                case 128:
                    if (!b_no_diacritics) goto lab22;
                    {
                        int ret = slice_from_s(z, 3, s_179);
                        if (ret < 0) return ret;
                    }
                    break;
                case 129:
                    if (!b_no_diacritics) goto lab22;
                    {
                        int ret = slice_from_s(z, 3, s_180);
                        if (ret < 0) return ret;
                    }
                    break;
                case 130:
                    if (!b_no_diacritics) goto lab22;
                    {
                        int ret = slice_from_s(z, 3, s_181);
                        if (ret < 0) return ret;
                    }
                    break;
                case 131:
                    if (!b_no_diacritics) goto lab22;
                    {
                        int ret = slice_from_s(z, 3, s_182);
                        if (ret < 0) return ret;
                    }
                    break;
                case 132:
                    if (!b_no_diacritics) goto lab22;
                    {
                        int ret = slice_from_s(z, 3, s_183);
                        if (ret < 0) return ret;
                    }
                    break;
                case 133:
                    if (!b_no_diacritics) goto lab22;
                    {
                        int ret = slice_from_s(z, 3, s_184);
                        if (ret < 0) return ret;
                    }
                    break;
                case 134:
                    if (!b_no_diacritics) goto lab22;
                    {
                        int ret = slice_from_s(z, 3, s_185);
                        if (ret < 0) return ret;
                    }
                    break;
                case 135:
                    if (!b_no_diacritics) goto lab22;
                    {
                        int ret = slice_from_s(z, 3, s_186);
                        if (ret < 0) return ret;
                    }
                    break;
                case 136:
                    if (!b_no_diacritics) goto lab22;
                    {
                        int ret = slice_from_s(z, 2, s_97);
                        if (ret < 0) return ret;
                    }
                    break;
                case 137:
                    if (!b_no_diacritics) goto lab22;
                    {
                        int ret = slice_from_s(z, 3, s_187);
                        if (ret < 0) return ret;
                    }
                    break;
                case 138:
                    if (!b_no_diacritics) goto lab22;
                    {
                        int ret = slice_from_s(z, 5, s_162);
                        if (ret < 0) return ret;
                    }
                    break;
                case 139:
                    if (!b_no_diacritics) goto lab22;
                    {
                        int ret = slice_from_s(z, 5, s_169);
                        if (ret < 0) return ret;
                    }
                    break;
                case 140:
                    if (!b_no_diacritics) goto lab22;
                    {
                        int ret = slice_from_s(z, 5, s_170);
                        if (ret < 0) return ret;
                    }
                    break;
                case 141:
                    if (!b_no_diacritics) goto lab22;
                    {
                        int ret = slice_from_s(z, 4, s_162);
                        if (ret < 0) return ret;
                    }
                    break;
                case 142:
                    if (!b_no_diacritics) goto lab22;
                    {
                        int ret = slice_from_s(z, 4, s_169);
                        if (ret < 0) return ret;
                    }
                    break;
                case 143:
                    if (!b_no_diacritics) goto lab22;
                    {
                        int ret = slice_from_s(z, 4, s_170);
                        if (ret < 0) return ret;
                    }
                    break;
                case 144:
                    if (!b_no_diacritics) goto lab22;
                    {
                        int ret = slice_from_s(z, 3, s_164);
                        if (ret < 0) return ret;
                    }
                    break;
                case 145:
                    if (!b_no_diacritics) goto lab22;
                    {
                        int ret = slice_from_s(z, 3, s_163);
                        if (ret < 0) return ret;
                    }
                    break;
                case 146:
                    if (!b_no_diacritics) goto lab22;
                    {
                        int ret = slice_from_s(z, 3, s_153);
                        if (ret < 0) return ret;
                    }
                    break;
                case 147:
                    if (!b_no_diacritics) goto lab22;
                    {
                        int ret = slice_from_s(z, 3, s_165);
                        if (ret < 0) return ret;
                    }
                    break;
                case 148:
                    if (!b_no_diacritics) goto lab22;
                    {
                        int ret = slice_from_s(z, 3, s_151);
                        if (ret < 0) return ret;
                    }
                    break;
                case 149:
                    if (!b_no_diacritics) goto lab22;
                    {
                        int ret = slice_from_s(z, 4, s_173);
                        if (ret < 0) return ret;
                    }
                    break;
                case 150:
                    if (!b_no_diacritics) goto lab22;
                    {
                        int ret = slice_from_s(z, 3, s_171);
                        if (ret < 0) return ret;
                    }
                    break;
                case 151:
                    if (!b_no_diacritics) goto lab22;
                    {
                        int ret = slice_from_s(z, 3, s_79);
                        if (ret < 0) return ret;
                    }
                    break;
                case 152:
                    if (!b_no_diacritics) goto lab22;
                    {
                        int ret = slice_from_s(z, 2, s_31);
                        if (ret < 0) return ret;
                    }
                    break;
                case 153:
                    if (!b_no_diacritics) goto lab22;
                    {
                        int ret = slice_from_s(z, 2, s_69);
                        if (ret < 0) return ret;
                    }
                    break;
                case 154:
                    if (!b_no_diacritics) goto lab22;
                    {
                        int ret = slice_from_s(z, 2, s_79);
                        if (ret < 0) return ret;
                    }
                    break;
                case 155:
                    if (!b_no_diacritics) goto lab22;
                    {
                        int ret = slice_from_s(z, 2, s_166);
                        if (ret < 0) return ret;
                    }
                    break;
                case 156:
                    if (!b_no_diacritics) goto lab22;
                    {
                        int ret = slice_from_s(z, 2, s_168);
                        if (ret < 0) return ret;
                    }
                    break;
                case 157:
                    if (!b_no_diacritics) goto lab22;
                    {
                        int ret = slice_from_s(z, 2, s_115);
                        if (ret < 0) return ret;
                    }
                    break;
                case 158:
                    if (!b_no_diacritics) goto lab22;
                    {
                        int ret = slice_from_s(z, 2, s_39);
                        if (ret < 0) return ret;
                    }
                    break;
                case 159:
                    if (!b_no_diacritics) goto lab22;
                    {
                        int ret = slice_from_s(z, 2, s_18);
                        if (ret < 0) return ret;
                    }
                    break;
                case 160:
                    if (!b_no_diacritics) goto lab22;
                    {
                        int ret = slice_from_s(z, 2, s_102);
                        if (ret < 0) return ret;
                    }
                    break;
                case 161:
                    if (!b_no_diacritics) goto lab22;
                    {
                        int ret = slice_from_s(z, 1, s_0);
                        if (ret < 0) return ret;
                    }
                    break;
                case 162:
                    if (!b_no_diacritics) goto lab22;
                    {
                        int ret = slice_from_s(z, 1, s_9);
                        if (ret < 0) return ret;
                    }
                    break;
                case 163:
                    if (!b_no_diacritics) goto lab22;
                    {
                        int ret = slice_from_s(z, 1, s_6);
                        if (ret < 0) return ret;
                    }
                    break;
                case 164:
                    if (!b_no_diacritics) goto lab22;
                    {
                        int ret = slice_from_s(z, 1, s_14);
                        if (ret < 0) return ret;
                    }
                    break;
            }
            break;
        lab22:
            z->c = z->l - v_18;
            z->ket = z->c;
            if (z->c <= z->lb || z->p[z->c - 1] >> 5 != 3 || !((3188642 >> (z->p[z->c - 1] & 0x1f)) & 1)) goto lab21;
            if (!find_among_b(z, a_3)) goto lab21;
            z->bra = z->c;
            if (i_p1 > z->c) goto lab21;
            {
                int ret = slice_del(z);
                if (ret < 0) return ret;
            }
        } while (0);
    lab21:
        z->c = z->l - v_17;
    }
    z->c = z->lb;
    return 1;
}
